Id,Label,timeset,node,node_type,indegree,outdegree,Degree,weighted indegree,weighted outdegree,Weighted Degree,Eccentricity,closnesscentrality,harmonicclosnesscentrality,betweenesscentrality,modularity_class,clustering
_bankista,_bankista,,Source,Twitter,0,1,1,0,1,1,1,1,1,0,0,0
www.therichest.com,www.therichest.com,,Target,Web_Domain,1,0,1,1,0,1,0,0,0,0,0,0
_CarolynYates,_CarolynYates,,Source,Twitter,0,1,1,0,1,1,1,1,1,0,1,0
www.theguardian.com,www.theguardian.com,,Target,Web_Domain,33,0,33,57,0,57,0,0,0,0,1,0
_GroundReality,_GroundReality,,Source,Twitter,0,1,1,0,1,1,1,1,1,0,1,0
www.forbes.com,www.forbes.com,,Target,Web_Domain,9,0,9,12,0,12,0,0,0,0,1,0
_k3l50,_k3l50,,Source,Twitter,0,1,1,0,1,1,1,1,1,0,1,0
www.breitbart.com,www.breitbart.com,,Target,Web_Domain,35,0,35,45,0,45,0,0,0,0,1,0
_StormRaven_,_StormRaven_,,Source,Twitter,0,1,1,0,1,1,1,1,1,0,1,0
www.quantamagazine.org,www.quantamagazine.org,,Target,Web_Domain,25,0,25,26,0,26,0,0,0,0,1,0
_valeriodangelo,_valeriodangelo,,Source,Twitter,0,1,1,0,2,2,1,1,1,0,2,0
www.ted.com,www.ted.com,,Target,Web_Domain,3,0,3,5,0,5,0,0,0,0,2,0
13CGunReviews,13CGunReviews,,Source,Twitter,0,1,1,0,2,2,1,1,1,0,3,0
www.instagram.com,www.instagram.com,,Target,Web_Domain,17,0,17,23,0,23,0,0,0,0,3,0
1tweetybugg,1tweetybugg,,Source,Twitter,0,1,1,0,2,2,1,1,1,0,4,0
www.nature.com,www.nature.com,,Target,Web_Domain,3,0,3,6,0,6,0,0,0,0,4,0
2CynicAl65,2CynicAl65,,Source,Twitter,0,1,1,0,1,1,1,1,1,0,5,0
web.archive.org,web.archive.org,,Target,Web_Domain,1,0,1,1,0,1,0,0,0,0,5,0
360Eventz,360Eventz,,Source,Twitter,0,1,1,0,2,2,1,1,1,0,6,0
business.financialpost.com,business.financialpost.com,,Target,Web_Domain,1,0,1,2,0,2,0,0,0,0,6,0
66blaise,66blaise,,Source,Twitter,0,1,1,0,1,1,1,1,1,0,1,0
www.economist.com,www.economist.com,,Target,Web_Domain,10,0,10,10,0,10,0,0,0,0,1,0
706am,706am,,Source,Twitter,0,1,1,0,1,1,1,1,1,0,1,0
7billiontoday,7billiontoday,,Source,Twitter,0,1,1,0,1,1,1,1,1,0,7,0
sevenbilliontoday.com,sevenbilliontoday.com,,Target,Web_Domain,1,0,1,1,0,1,0,0,0,0,7,0
a_mastrogiacomo,a_mastrogiacomo,,Source,Twitter,0,1,1,0,1,1,1,1,1,0,1,0
A4Ny14,A4Ny14,,Source,Twitter,0,1,1,0,2,2,1,1,1,0,1,0
www.ucsusa.org,www.ucsusa.org,,Target,Web_Domain,2,0,2,4,0,4,0,0,0,0,1,0
AadhaarLaw,AadhaarLaw,,Source,Twitter,0,1,1,0,1,1,1,1,1,0,8,0
disastrousearth.wordpress.com,disastrousearth.wordpress.com,,Target,Web_Domain,3,0,3,3,0,3,0,0,0,0,8,0
AadhaarScrap,AadhaarScrap,,Source,Twitter,0,1,1,0,1,1,1,1,1,0,8,0
AAlasti,AAlasti,,Source,Twitter,0,1,1,0,2,2,1,1,1,0,9,0
www.snopes.com,www.snopes.com,,Target,Web_Domain,3,0,3,6,0,6,0,0,0,0,9,0
AavishkaarVC,AavishkaarVC,,Source,Twitter,0,1,1,0,2,2,1,1,1,0,1,0
www.weforum.org,www.weforum.org,,Target,Web_Domain,13,0,13,27,0,27,0,0,0,0,1,0
AbelGustafson,AbelGustafson,,Source,Twitter,0,1,1,0,2,2,1,1,1,0,10,0
climatecommunication.yale.edu,climatecommunication.yale.edu,,Target,Web_Domain,5,0,5,10,0,10,0,0,0,0,10,0
ABURYCollection,ABURYCollection,,Source,Twitter,0,1,1,0,2,2,1,1,1,0,1,0
ABusinessWitch,ABusinessWitch,,Source,Twitter,0,1,1,0,1,1,1,1,1,0,1,0
apple.news,apple.news,,Target,Web_Domain,7,0,7,8,0,8,0,0,0,0,1,0
accouder,accouder,,Source,Twitter,0,1,1,0,1,1,1,1,1,0,11,0
wap.business-standard.com,wap.business-standard.com,,Target,Web_Domain,1,0,1,1,0,1,0,0,0,0,11,0
ActifyPress,ActifyPress,,Source,Twitter,0,1,1,0,2,2,1,1,1,0,12,0
www.actifypress.com,www.actifypress.com,,Target,Web_Domain,1,0,1,2,0,2,0,0,0,0,12,0
ActionCountdown,ActionCountdown,,Source,Twitter,0,1,1,0,2,2,1,1,1,0,13,0
www.apnews.com,www.apnews.com,,Target,Web_Domain,4,0,4,6,0,6,0,0,0,0,13,0
AdamRogers2030,AdamRogers2030,,Source,Twitter,0,1,1,0,2,2,1,1,1,0,1,0
adapt2030,adapt2030,,Source,Twitter,0,1,1,0,2,2,1,1,1,0,1,0
www.youtube.com,www.youtube.com,,Target,Web_Domain,31,0,31,53,0,53,0,0,0,0,1,0
ADB_HQ,ADB_HQ,,Source,Twitter,0,1,1,0,2,2,1,1,1,0,1,0
Aditi_bjplover,Aditi_bjplover,,Source,Twitter,0,1,1,0,2,2,1,1,1,0,14,0
www.business-standard.com,www.business-standard.com,,Target,Web_Domain,2,0,2,4,0,4,0,0,0,0,14,0
AESSnews,AESSnews,,Source,Twitter,0,1,1,0,1,1,1,1,1,0,1,0
www.usatoday.com,www.usatoday.com,,Target,Web_Domain,26,0,26,40,0,40,0,0,0,0,1,0
AFreespeechzone,AFreespeechzone,,Source,Twitter,0,1,1,0,2,2,1,1,1,0,1,0
ahluv2,ahluv2,,Source,Twitter,0,1,1,0,1,1,1,1,1,0,15,0
agendas.how,agendas.how,,Target,Web_Domain,1,0,1,1,0,1,0,0,0,0,15,0
AhmedKaram_t,AhmedKaram_t,,Source,Twitter,0,1,1,0,2,2,1,1,1,0,1,0
AimeeFuller,AimeeFuller,,Source,Twitter,0,1,1,0,2,2,1,1,1,0,1,0
humansarefree.com,humansarefree.com,,Target,Web_Domain,11,0,11,21,0,21,0,0,0,0,1,0
akiyamamio2007,akiyamamio2007,,Source,Twitter,0,1,1,0,2,2,1,1,1,0,3,0
AKoach,AKoach,,Source,Twitter,0,1,1,0,1,1,1,1,1,0,120,0
climatism.blog,climatism.blog,,Target,Web_Domain,4,0,4,12,0,12,0,0,0,0,120,0
alanwplace,alanwplace,,Source,Twitter,0,1,1,0,1,1,1,1,1,0,16,0
www.alsdominion.co.uk,www.alsdominion.co.uk,,Target,Web_Domain,1,0,1,1,0,1,0,0,0,0,16,0
AlexanderXV,AlexanderXV,,Source,Twitter,0,2,2,0,2,2,1,1,1,0,197,0
www.bbc.com,www.bbc.com,,Target,Web_Domain,3,0,3,5,0,5,0,0,0,0,197,0
www.independent.co.uk,www.independent.co.uk,,Target,Web_Domain,21,0,21,30,0,30,0,0,0,0,197,0
AlexBStamp,AlexBStamp,,Source,Twitter,0,1,1,0,1,1,1,1,1,0,1,0
AlexIp718,AlexIp718,,Source,Twitter,0,1,1,0,1,1,1,1,1,0,1,0
www.cnn.com,www.cnn.com,,Target,Web_Domain,10,0,10,11,0,11,0,0,0,0,1,0
AlexNewsZA,AlexNewsZA,,Source,Twitter,0,1,1,0,1,1,1,1,1,0,17,0
alexnews.co.za,alexnews.co.za,,Target,Web_Domain,1,0,1,1,0,1,0,0,0,0,17,0
alfred849,alfred849,,Source,Twitter,0,1,1,0,1,1,1,1,1,0,18,0
inews.co.uk,inews.co.uk,,Target,Web_Domain,1,0,1,1,0,1,0,0,0,0,18,0
AlisaApps,AlisaApps,,Source,Twitter,0,1,1,0,1,1,1,1,1,0,19,0
alisaapps.com,alisaapps.com,,Target,Web_Domain,1,0,1,1,0,1,0,0,0,0,19,0
alisterdoyle,alisterdoyle,,Source,Twitter,0,1,1,0,1,1,1,1,1,0,1,0
www.reuters.com,www.reuters.com,,Target,Web_Domain,30,0,30,30,0,30,0,0,0,0,1,0
Allcot_news,Allcot_news,,Source,Twitter,0,1,1,0,2,2,1,1,1,0,20,0
allcot.com,allcot.com,,Target,Web_Domain,2,0,2,4,0,4,0,0,0,0,20,0
ALLREDToDoRoJo,ALLREDToDoRoJo,,Source,Twitter,0,2,2,0,2,2,1,1,1,0,1,0
amadorn,amadorn,,Source,Twitter,0,2,2,0,3,3,1,1,1,0,1,0
www.americanthinker.com,www.americanthinker.com,,Target,Web_Domain,4,0,4,7,0,7,0,0,0,0,1,0
www.zerohedge.com,www.zerohedge.com,,Target,Web_Domain,10,0,10,18,0,18,0,0,0,0,1,0
AmissPaul,AmissPaul,,Source,Twitter,0,1,1,0,1,1,1,1,1,0,197,0
amoghahl,amoghahl,,Source,Twitter,0,3,3,0,3,3,1,1,1,0,1,0
amp.skymetweather.com,amp.skymetweather.com,,Target,Web_Domain,1,0,1,1,0,1,0,0,0,0,1,0
www.ndtv.com,www.ndtv.com,,Target,Web_Domain,3,0,3,4,0,4,0,0,0,0,1,0
www.news18.com,www.news18.com,,Target,Web_Domain,2,0,2,3,0,3,0,0,0,0,1,0
amruthasuri,amruthasuri,,Source,Twitter,0,12,12,0,19,19,1,1,1,0,1,0
theconversation.com,theconversation.com,,Target,Web_Domain,3,0,3,6,0,6,0,0,0,0,1,0
weather.com,weather.com,,Target,Web_Domain,4,0,4,7,0,7,0,0,0,0,1,0
www.abc.net.au,www.abc.net.au,,Target,Web_Domain,3,0,3,4,0,4,0,0,0,0,1,0
www.carbonbrief.org,www.carbonbrief.org,,Target,Web_Domain,6,0,6,20,0,20,0,0,0,0,1,0
www.gamespot.com,www.gamespot.com,,Target,Web_Domain,1,0,1,2,0,2,0,0,0,0,1,0
www.joboneforhumanity.org,www.joboneforhumanity.org,,Target,Web_Domain,4,0,4,55,0,55,0,0,0,0,1,0
www.nytimes.com,www.nytimes.com,,Target,Web_Domain,8,0,8,15,0,15,0,0,0,0,1,0
www.scientificamerican.com,www.scientificamerican.com,,Target,Web_Domain,3,0,3,3,0,3,0,0,0,0,1,0
www.washingtonexaminer.com,www.washingtonexaminer.com,,Target,Web_Domain,5,0,5,5,0,5,0,0,0,0,1,0
amygatenbyy,amygatenbyy,,Source,Twitter,0,1,1,0,2,2,1,1,1,0,21,0
www.amygatenby.co.uk,www.amygatenby.co.uk,,Target,Web_Domain,1,0,1,2,0,2,0,0,0,0,21,0
anamoly_london,anamoly_london,,Source,Twitter,0,1,1,0,1,1,1,1,1,0,3,0
AnandBalak,AnandBalak,,Source,Twitter,0,1,1,0,1,1,1,1,1,0,1,0
www.facebook.com,www.facebook.com,,Target,Web_Domain,5,0,5,10,0,10,0,0,0,0,1,0
AncientAmbiance,AncientAmbiance,,Source,Twitter,0,1,1,0,1,1,1,1,1,0,22,0
www.glamourmagazine.co.uk,www.glamourmagazine.co.uk,,Target,Web_Domain,1,0,1,1,0,1,0,0,0,0,22,0
AndreaMcGimsey,AndreaMcGimsey,,Source,Twitter,0,1,1,0,1,1,1,1,1,0,1,0
AndrewHigsdrew,AndrewHigsdrew,,Source,Twitter,0,1,1,0,1,1,1,1,1,0,23,0
www.armstrongeconomics.com,www.armstrongeconomics.com,,Target,Web_Domain,5,0,5,10,0,10,0,0,0,0,23,0
AndyG032,AndyG032,,Source,Twitter,0,1,1,0,2,2,1,1,1,0,1,0
angelay33,angelay33,,Source,Twitter,0,1,1,0,1,1,1,1,1,0,24,0
morningconsult.com,morningconsult.com,,Target,Web_Domain,1,0,1,1,0,1,0,0,0,0,24,0
AnjaKolibri,AnjaKolibri,,Source,Twitter,0,1,1,0,2,2,1,1,1,0,25,0
cleantechnica.com,cleantechnica.com,,Target,Web_Domain,5,0,5,7,0,7,0,0,0,0,25,0
AOTH_RMills,AOTH_RMills,,Source,Twitter,0,1,1,0,1,1,1,1,1,0,1,0
AP19951230,AP19951230,,Source,Twitter,0,1,1,0,2,2,1,1,1,0,26,0
www.nrdc.org,www.nrdc.org,,Target,Web_Domain,2,0,2,3,0,3,0,0,0,0,26,0
arbnco,arbnco,,Source,Twitter,0,1,1,0,1,1,1,1,1,0,27,0
www.ukgbc.org,www.ukgbc.org,,Target,Web_Domain,1,0,1,1,0,1,0,0,0,0,27,0
ArchKennedy,ArchKennedy,,Source,Twitter,0,1,1,0,1,1,1,1,1,0,28,0
dailycaller.com,dailycaller.com,,Target,Web_Domain,1,0,1,1,0,1,0,0,0,0,28,0
AriDavidUSA,AriDavidUSA,,Source,Twitter,0,1,1,0,1,1,1,1,1,0,1,0
AridZonAfforest,AridZonAfforest,,Source,Twitter,0,1,1,0,2,2,1,1,1,0,29,0
particle.scitech.org.au,particle.scitech.org.au,,Target,Web_Domain,1,0,1,2,0,2,0,0,0,0,29,0
aroyal4oz,aroyal4oz,,Source,Twitter,0,1,1,0,1,1,1,1,1,0,1,0
ArrestAnon,ArrestAnon,,Source,Twitter,0,1,1,0,2,2,1,1,1,0,1,0
ARTIBA_Insights,ARTIBA_Insights,,Source,Twitter,0,1,1,0,2,2,1,1,1,0,30,0
www.brookings.edu,www.brookings.edu,,Target,Web_Domain,1,0,1,2,0,2,0,0,0,0,30,0
AsherCJr,AsherCJr,,Source,Twitter,0,1,1,0,1,1,1,1,1,0,1,0
ashishrbedekar,ashishrbedekar,,Source,Twitter,0,12,12,0,22,22,1,1,1,0,1,0
earthsky.org,earthsky.org,,Target,Web_Domain,1,0,1,2,0,2,0,0,0,0,1,0
inhabitat.com,inhabitat.com,,Target,Web_Domain,2,0,2,4,0,4,0,0,0,0,1,0
insideclimatenews.org,insideclimatenews.org,,Target,Web_Domain,3,0,3,4,0,4,0,0,0,0,1,0
thehill.com,thehill.com,,Target,Web_Domain,5,0,5,6,0,6,0,0,0,0,1,0
thinkprogress.org,thinkprogress.org,,Target,Web_Domain,11,0,11,12,0,12,0,0,0,0,1,0
www.cbc.ca,www.cbc.ca,,Target,Web_Domain,6,0,6,10,0,10,0,0,0,0,1,0
www.nbcnews.com,www.nbcnews.com,,Target,Web_Domain,10,0,10,20,0,20,0,0,0,0,1,0
www.newsweek.com,www.newsweek.com,,Target,Web_Domain,7,0,7,8,0,8,0,0,0,0,1,0
AshRi373,AshRi373,,Source,Twitter,0,1,1,0,1,1,1,1,1,0,1,0
astroengine,astroengine,,Source,Twitter,0,1,1,0,1,1,1,1,1,0,1,0
ASYNSIS,ASYNSIS,,Source,Twitter,0,1,1,0,1,1,1,1,1,0,1,0
AtlasFuture,AtlasFuture,,Source,Twitter,0,1,1,0,3,3,1,1,1,0,31,0
atlasofthefuture.org,atlasofthefuture.org,,Target,Web_Domain,1,0,1,3,0,3,0,0,0,0,31,0
atulabhas,atulabhas,,Source,Twitter,0,1,1,0,4,4,1,1,1,0,32,0
www.fairobserver.com,www.fairobserver.com,,Target,Web_Domain,1,0,1,4,0,4,0,0,0,0,32,0
AurorasaCoach,AurorasaCoach,,Source,Twitter,0,1,1,0,1,1,1,1,1,0,1,0
AussieAce_,AussieAce_,,Source,Twitter,0,1,1,0,1,1,1,1,1,0,1,0
BA_Chaudhry,BA_Chaudhry,,Source,Twitter,0,1,1,0,1,1,1,1,1,0,1,0
babynetman,babynetman,,Source,Twitter,0,1,1,0,2,2,1,1,1,0,1,0
BaggaBrigade,BaggaBrigade,,Source,Twitter,0,1,1,0,1,1,1,1,1,0,1,0
Based_Right,Based_Right,,Source,Twitter,0,1,1,0,1,1,1,1,1,0,33,0
principia-scientific.org,principia-scientific.org,,Target,Web_Domain,1,0,1,1,0,1,0,0,0,0,33,0
BassettGreener,BassettGreener,,Source,Twitter,0,1,1,0,2,2,1,1,1,0,197,0
batrsartre,batrsartre,,Source,Twitter,0,1,1,0,1,1,1,1,1,0,34,0
batrnews.blogspot.com,batrnews.blogspot.com,,Target,Web_Domain,1,0,1,1,0,1,0,0,0,0,34,0
beach805_chris,beach805_chris,,Source,Twitter,0,1,1,0,2,2,1,1,1,0,1,0
beachydreamer,beachydreamer,,Source,Twitter,0,2,2,0,4,4,1,1,1,0,1,0
haaretz.com,haaretz.com,,Target,Web_Domain,3,0,3,6,0,6,0,0,0,0,1,0
www.haaretz.com,www.haaretz.com,,Target,Web_Domain,7,0,7,14,0,14,0,0,0,0,1,0
benmetz,benmetz,,Source,Twitter,0,1,1,0,2,2,1,1,1,0,9,0
BenstksC,BenstksC,,Source,Twitter,0,1,1,0,1,1,1,1,1,0,35,0
realclimatescience.com,realclimatescience.com,,Target,Web_Domain,1,0,1,1,0,1,0,0,0,0,35,0
best_essay_com,best_essay_com,,Source,Twitter,0,1,1,0,1,1,1,1,1,0,36,0
best-custom-essays.com,best-custom-essays.com,,Target,Web_Domain,1,0,1,1,0,1,0,0,0,0,36,0
Best_Schools,Best_Schools,,Source,Twitter,0,1,1,0,2,2,1,1,1,0,37,0
thebestschools.org,thebestschools.org,,Target,Web_Domain,3,0,3,4,0,4,0,0,0,0,37,0
BestGreenEdu,BestGreenEdu,,Source,Twitter,0,1,1,0,1,1,1,1,1,0,38,0
www.macoma.us,www.macoma.us,,Target,Web_Domain,1,0,1,1,0,1,0,0,0,0,38,0
BigPete23,BigPete23,,Source,Twitter,0,1,1,0,1,1,1,1,1,0,1,0
BigShineEnergy,BigShineEnergy,,Source,Twitter,0,2,2,0,4,4,1,1,1,0,1,0
www.laboratoryequipment.com,www.laboratoryequipment.com,,Target,Web_Domain,1,0,1,2,0,2,0,0,0,0,1,0
BirdsRachel,BirdsRachel,,Source,Twitter,0,1,1,0,2,2,1,1,1,0,3,0
blondefrog123,blondefrog123,,Source,Twitter,0,1,1,0,2,2,1,1,1,0,1,0
www.thegatewaypundit.com,www.thegatewaypundit.com,,Target,Web_Domain,4,0,4,10,0,10,0,0,0,0,1,0
bobhillbrain,bobhillbrain,,Source,Twitter,0,8,8,0,20,20,1,1,1,0,1,0
rpujolviven.blogspot.com,rpujolviven.blogspot.com,,Target,Web_Domain,2,0,2,61,0,61,0,0,0,0,1,0
sc.mp,sc.mp,,Target,Web_Domain,2,0,2,6,0,6,0,0,0,0,1,0
wapo.st,wapo.st,,Target,Web_Domain,2,0,2,3,0,3,0,0,0,0,1,0
www.irishtimes.com,www.irishtimes.com,,Target,Web_Domain,1,0,1,1,0,1,0,0,0,0,1,0
www.rollingstone.com,www.rollingstone.com,,Target,Web_Domain,1,0,1,2,0,2,0,0,0,0,1,0
BoredAlchemist,BoredAlchemist,,Source,Twitter,0,1,1,0,1,1,1,1,1,0,1,0
brainbarcom,brainbarcom,,Source,Twitter,0,1,1,0,1,1,1,1,1,0,1,0
BrasilGreenBldg,BrasilGreenBldg,,Source,Twitter,0,1,1,0,1,1,1,1,1,0,39,0
www.rateitgreen.com,www.rateitgreen.com,,Target,Web_Domain,17,0,17,32,0,32,0,0,0,0,39,0
BreathingDelhi,BreathingDelhi,,Source,Twitter,0,2,2,0,2,2,1,1,1,0,1,0
Brian_Sussman,Brian_Sussman,,Source,Twitter,0,1,1,0,2,2,1,1,1,0,1,0
BronsonLSmith,BronsonLSmith,,Source,Twitter,0,1,1,0,1,1,1,1,1,0,1,0
BryanCalling,BryanCalling,,Source,Twitter,0,1,1,0,1,1,1,1,1,0,40,0
www.bryanhaugerconsulting.com,www.bryanhaugerconsulting.com,,Target,Web_Domain,1,0,1,1,0,1,0,0,0,0,40,0
bryanth65103667,bryanth65103667,,Source,Twitter,0,1,1,0,1,1,1,1,1,0,41,0
www.washingtonpost.com,www.washingtonpost.com,,Target,Web_Domain,4,0,4,5,0,5,0,0,0,0,41,0
bsindia,bsindia,,Source,Twitter,0,1,1,0,2,2,1,1,1,0,14,0
cadegorawrz,cadegorawrz,,Source,Twitter,0,1,1,0,1,1,1,1,1,0,3,0
CAGreenbuilding,CAGreenbuilding,,Source,Twitter,0,1,1,0,2,2,1,1,1,0,39,0
CaitlinCumberl1,CaitlinCumberl1,,Source,Twitter,0,1,1,0,1,1,1,1,1,0,197,0
CaplanComms,CaplanComms,,Source,Twitter,0,1,1,0,1,1,1,1,1,0,1,0
CarbonBubble,CarbonBubble,,Source,Twitter,0,1,1,0,1,1,1,1,1,0,1,0
CarlSiegrist,CarlSiegrist,,Source,Twitter,0,1,1,0,1,1,1,1,1,0,1,0
carrzee,carrzee,,Source,Twitter,0,1,1,0,1,1,1,1,1,0,1,0
www.bloomberg.com,www.bloomberg.com,,Target,Web_Domain,8,0,8,9,0,9,0,0,0,0,1,0
CatchupNewsOrg,CatchupNewsOrg,,Source,Twitter,0,1,1,0,2,2,1,1,1,0,42,0
www.catchupnews.org,www.catchupnews.org,,Target,Web_Domain,1,0,1,2,0,2,0,0,0,0,42,0
CAugustenborg,CAugustenborg,,Source,Twitter,0,1,1,0,1,1,1,1,1,0,1,0
edition.cnn.com,edition.cnn.com,,Target,Web_Domain,4,0,4,5,0,5,0,0,0,0,1,0
cbsolarshading,cbsolarshading,,Source,Twitter,0,1,1,0,2,2,1,1,1,0,43,0
cbsolarshading.co.uk,cbsolarshading.co.uk,,Target,Web_Domain,1,0,1,2,0,2,0,0,0,0,43,0
CCellUK,CCellUK,,Source,Twitter,0,1,1,0,2,2,1,1,1,0,1,0
CCL_Nebraska,CCL_Nebraska,,Source,Twitter,0,1,1,0,1,1,1,1,1,0,44,0
www.crowdsourcingsustainability.org,www.crowdsourcingsustainability.org,,Target,Web_Domain,4,0,4,28,0,28,0,0,0,0,44,0
CCLSlipperyRock,CCLSlipperyRock,,Source,Twitter,0,6,6,0,8,8,1,1,1,0,1,0
citizensclimatelobby.org,citizensclimatelobby.org,,Target,Web_Domain,1,0,1,2,0,2,0,0,0,0,1,0
www.axios.com,www.axios.com,,Target,Web_Domain,5,0,5,6,0,6,0,0,0,0,1,0
www.post-gazette.com,www.post-gazette.com,,Target,Web_Domain,1,0,1,2,0,2,0,0,0,0,1,0
www.thenation.com,www.thenation.com,,Target,Web_Domain,1,0,1,1,0,1,0,0,0,0,1,0
CCS_CO2e,CCS_CO2e,,Source,Twitter,0,3,3,0,4,4,1,1,1,0,1,0
globalnews.ca,globalnews.ca,,Target,Web_Domain,4,0,4,7,0,7,0,0,0,0,1,0
www.digitaljournal.com,www.digitaljournal.com,,Target,Web_Domain,2,0,2,4,0,4,0,0,0,0,1,0
www.nationalgeographic.com,www.nationalgeographic.com,,Target,Web_Domain,3,0,3,3,0,3,0,0,0,0,1,0
chairmannetwork,chairmannetwork,,Source,Twitter,0,1,1,0,2,2,1,1,1,0,45,0
n06,n06,,Target,Web_Domain,1,0,1,2,0,2,0,0,0,0,45,0
ChanceArtInc,ChanceArtInc,,Source,Twitter,0,1,1,0,2,2,1,1,1,0,1,0
ChandraTVTN,ChandraTVTN,,Source,Twitter,0,1,1,0,2,2,1,1,1,0,46,0
www.ichowk.in,www.ichowk.in,,Target,Web_Domain,1,0,1,2,0,2,0,0,0,0,46,0
charles_consult,charles_consult,,Source,Twitter,0,1,1,0,1,1,1,1,1,0,1,0
ChildrenOfDoom2,ChildrenOfDoom2,,Source,Twitter,0,1,1,0,2,2,1,1,1,0,47,0
www.sciencedaily.com,www.sciencedaily.com,,Target,Web_Domain,2,0,2,3,0,3,0,0,0,0,47,0
ChloeConno,ChloeConno,,Source,Twitter,0,1,1,0,2,2,1,1,1,0,48,0
www.thenationalstudent.com,www.thenationalstudent.com,,Target,Web_Domain,1,0,1,2,0,2,0,0,0,0,48,0
ChristiAnne67,ChristiAnne67,,Source,Twitter,0,1,1,0,1,1,1,1,1,0,1,0
CianSalleh,CianSalleh,,Source,Twitter,0,1,1,0,2,2,1,1,1,0,49,0
www.surveymonkey.com,www.surveymonkey.com,,Target,Web_Domain,1,0,1,2,0,2,0,0,0,0,49,0
cjharrispretzer,cjharrispretzer,,Source,Twitter,0,1,1,0,1,1,1,1,1,0,1,0
cjianos,cjianos,,Source,Twitter,0,2,2,0,3,3,1,1,1,0,1,0
CJPIsrael,CJPIsrael,,Source,Twitter,0,1,1,0,2,2,1,1,1,0,1,0
ClackamasDems,ClackamasDems,,Source,Twitter,0,2,2,0,4,4,1,1,1,0,50,0
et.al,et.al,,Target,Web_Domain,1,0,1,2,0,2,0,0,0,0,50,0
today.oregonstate.edu,today.oregonstate.edu,,Target,Web_Domain,1,0,1,2,0,2,0,0,0,0,50,0
ClaudiaDuke,ClaudiaDuke,,Source,Twitter,0,1,1,0,1,1,1,1,1,0,26,0
cleanairfrank,cleanairfrank,,Source,Twitter,0,1,1,0,2,2,1,1,1,0,108,0
www.dailymail.co.uk,www.dailymail.co.uk,,Target,Web_Domain,3,0,3,6,0,6,0,0,0,0,108,0
cleanenergycan,cleanenergycan,,Source,Twitter,0,1,1,0,1,1,1,1,1,0,1,0
CleanWisconsin,CleanWisconsin,,Source,Twitter,0,3,3,0,4,4,1,1,1,0,1,0
www.jsonline.com,www.jsonline.com,,Target,Web_Domain,1,0,1,1,0,1,0,0,0,0,1,0
CLEOInstitute,CLEOInstitute,,Source,Twitter,0,1,1,0,1,1,1,1,1,0,1,0
Climageddon,Climageddon,,Source,Twitter,0,1,1,0,25,25,1,1,1,0,1,0
Climatebriefing,Climatebriefing,,Source,Twitter,0,1,1,0,2,2,1,1,1,0,197,0
ClimateChangea,ClimateChangea,,Source,Twitter,0,3,3,0,8,8,1,1,1,0,1,0
tropical.colostate.edu,tropical.colostate.edu,,Target,Web_Domain,1,0,1,2,0,2,0,0,0,0,1,0
ClimateComms,ClimateComms,,Source,Twitter,0,1,1,0,1,1,1,1,1,0,1,0
climatefactaday,climatefactaday,,Source,Twitter,0,1,1,0,1,1,1,1,1,0,51,0
www.ipcc.ch,www.ipcc.ch,,Target,Web_Domain,1,0,1,1,0,1,0,0,0,0,51,0
ClimateNexus,ClimateNexus,,Source,Twitter,0,1,1,0,1,1,1,1,1,0,1,0
ClimaticMatters,ClimaticMatters,,Source,Twitter,0,1,1,0,2,2,1,1,1,0,52,0
www.ajc.com,www.ajc.com,,Target,Web_Domain,1,0,1,2,0,2,0,0,0,0,52,0
cliveldunn,cliveldunn,,Source,Twitter,0,1,1,0,2,2,1,1,1,0,1,0
CloverChron,CloverChron,,Source,Twitter,0,1,1,0,1,1,1,1,1,0,53,0
cloverchronicle.com,cloverchronicle.com,,Target,Web_Domain,1,0,1,1,0,1,0,0,0,0,53,0
CluelessTees,CluelessTees,,Source,Twitter,0,2,2,0,3,3,1,1,1,0,54,0
www.cluelesstees.com,www.cluelesstees.com,,Target,Web_Domain,1,0,1,1,0,1,0,0,0,0,54,0
www.etsy.com,www.etsy.com,,Target,Web_Domain,1,0,1,2,0,2,0,0,0,0,54,0
COGreenbuilding,COGreenbuilding,,Source,Twitter,0,1,1,0,2,2,1,1,1,0,39,0
CombatGlobal,CombatGlobal,,Source,Twitter,0,1,1,0,1,1,1,1,1,0,1,0
commoncurator,commoncurator,,Source,Twitter,0,1,1,0,1,1,1,1,1,0,1,0
CompanionCosmic,CompanionCosmic,,Source,Twitter,0,1,1,0,1,1,1,1,1,0,55,0
bit.ly,bit.ly,,Target,Web_Domain,2,0,2,2,0,2,0,0,0,0,55,0
Computertechnw,Computertechnw,,Source,Twitter,0,1,1,0,1,1,1,1,1,0,56,0
rare.us,rare.us,,Target,Web_Domain,1,0,1,1,0,1,0,0,0,0,56,0
CongHuelskamp,CongHuelskamp,,Source,Twitter,0,1,1,0,3,3,1,1,1,0,57,0
www.heartland.org,www.heartland.org,,Target,Web_Domain,3,0,3,6,0,6,0,0,0,0,57,0
CongressOrBJP,CongressOrBJP,,Source,Twitter,0,1,1,0,1,1,1,1,1,0,8,0
ContiTonight,ContiTonight,,Source,Twitter,0,1,1,0,2,2,1,1,1,0,58,0
www.timeanddate.com,www.timeanddate.com,,Target,Web_Domain,1,0,1,2,0,2,0,0,0,0,58,0
CounterCalexit,CounterCalexit,,Source,Twitter,0,1,1,0,2,2,1,1,1,0,1,0
cphomeloansaz,cphomeloansaz,,Source,Twitter,0,1,1,0,1,1,1,1,1,0,25,0
Cpr_Am,Cpr_Am,,Source,Twitter,0,1,1,0,2,2,1,1,1,0,59,0
www.cpr-am.fr,www.cpr-am.fr,,Target,Web_Domain,1,0,1,2,0,2,0,0,0,0,59,0
CrescentVale,CrescentVale,,Source,Twitter,0,1,1,0,2,2,1,1,1,0,1,0
cristiandinacom,cristiandinacom,,Source,Twitter,0,1,1,0,2,2,1,1,1,0,60,0
www.redbubble.com,www.redbubble.com,,Target,Web_Domain,1,0,1,2,0,2,0,0,0,0,60,0
CrwdsrcingSusty,CrwdsrcingSusty,,Source,Twitter,0,1,1,0,3,3,1,1,1,0,44,0
CTgreenbuilding,CTgreenbuilding,,Source,Twitter,0,1,1,0,2,2,1,1,1,0,39,0
CTPatriot2006,CTPatriot2006,,Source,Twitter,0,1,1,0,2,2,1,1,1,0,61,0
www.huffpost.com,www.huffpost.com,,Target,Web_Domain,1,0,1,2,0,2,0,0,0,0,61,0
CushnocRA,CushnocRA,,Source,Twitter,0,1,1,0,1,1,1,1,1,0,1,0
CwHumanEcology,CwHumanEcology,,Source,Twitter,0,1,1,0,1,1,1,1,1,0,1,0
damyantig,damyantig,,Source,Twitter,0,1,1,0,1,1,1,1,1,0,1,0
DanaDredard,DanaDredard,,Source,Twitter,0,1,1,0,1,1,1,1,1,0,1,0
DanGraur,DanGraur,,Source,Twitter,0,1,1,0,4,4,1,1,1,0,62,0
judgestarling.tumblr.com,judgestarling.tumblr.com,,Target,Web_Domain,1,0,1,4,0,4,0,0,0,0,62,0
danielavalla1,danielavalla1,,Source,Twitter,0,1,1,0,1,1,1,1,1,0,1,0
dannyeatsnosh,dannyeatsnosh,,Source,Twitter,0,1,1,0,1,1,1,1,1,0,197,0
David_J_Ward,David_J_Ward,,Source,Twitter,0,1,1,0,2,2,1,1,1,0,63,0
www.telegraph.co.uk,www.telegraph.co.uk,,Target,Web_Domain,2,0,2,4,0,4,0,0,0,0,63,0
DavidJarratt1,DavidJarratt1,,Source,Twitter,0,1,1,0,1,1,1,1,1,0,1,0
davidstoreytv,davidstoreytv,,Source,Twitter,0,1,1,0,1,1,1,1,1,0,1,0
davisdavislaw,davisdavislaw,,Source,Twitter,0,1,1,0,2,2,1,1,1,0,64,0
www.freddavislaw.com,www.freddavislaw.com,,Target,Web_Domain,1,0,1,2,0,2,0,0,0,0,64,0
DavisMorgan88,DavisMorgan88,,Source,Twitter,0,1,1,0,1,1,1,1,1,0,1,0
dbcurren,dbcurren,,Source,Twitter,0,1,1,0,1,1,1,1,1,0,1,0
dcarollo_edu,dcarollo_edu,,Source,Twitter,0,1,1,0,1,1,1,1,1,0,112,0
www.linkedin.com,www.linkedin.com,,Target,Web_Domain,4,0,4,5,0,5,0,0,0,0,112,0
DCNY18,DCNY18,,Source,Twitter,0,1,1,0,2,2,1,1,1,0,65,0
climate.nasa.gov,climate.nasa.gov,,Target,Web_Domain,3,0,3,6,0,6,0,0,0,0,65,0
Debbie_Travel,Debbie_Travel,,Source,Twitter,0,1,1,0,1,1,1,1,1,0,1,0
DenitzaToteva,DenitzaToteva,,Source,Twitter,0,1,1,0,2,2,1,1,1,0,1,0
derekdob,derekdob,,Source,Twitter,0,2,2,0,4,4,1,1,1,0,1,0
derrickgakuu,derrickgakuu,,Source,Twitter,0,1,1,0,2,2,1,1,1,0,10,0
desota,desota,,Source,Twitter,0,1,1,0,1,1,1,1,1,0,25,0
dfmmover,dfmmover,,Source,Twitter,0,2,2,0,2,2,1,1,1,0,1,0
medium.com,medium.com,,Target,Web_Domain,1,0,1,1,0,1,0,0,0,0,1,0
DGGeothermal,DGGeothermal,,Source,Twitter,0,1,1,0,1,1,1,1,1,0,66,0
brilliantmaps.com,brilliantmaps.com,,Target,Web_Domain,1,0,1,1,0,1,0,0,0,0,66,0
DianeShears,DianeShears,,Source,Twitter,0,1,1,0,2,2,1,1,1,0,23,0
digitaldeath,digitaldeath,,Source,Twitter,0,1,1,0,1,1,1,1,1,0,41,0
digitalgypsie,digitalgypsie,,Source,Twitter,0,1,1,0,1,1,1,1,1,0,1,0
digitaljournal,digitaljournal,,Source,Twitter,0,1,1,0,3,3,1,1,1,0,1,0
DiscoverBattery,DiscoverBattery,,Source,Twitter,0,1,1,0,2,2,1,1,1,0,197,0
DissolvedAngel,DissolvedAngel,,Source,Twitter,0,1,1,0,1,1,1,1,1,0,1,0
DKump11,DKump11,,Source,Twitter,0,1,1,0,1,1,1,1,1,0,67,0
www.google.com,www.google.com,,Target,Web_Domain,1,0,1,1,0,1,0,0,0,0,67,0
dlbessette,dlbessette,,Source,Twitter,0,1,1,0,1,1,1,1,1,0,1,0
dmiddleton03,dmiddleton03,,Source,Twitter,0,1,1,0,1,1,1,1,1,0,68,0
m.youtube.com,m.youtube.com,,Target,Web_Domain,2,0,2,2,0,2,0,0,0,0,68,0
Doc_MRock,Doc_MRock,,Source,Twitter,0,1,1,0,1,1,1,1,1,0,197,0
DoctoraVillegas,DoctoraVillegas,,Source,Twitter,0,1,1,0,1,1,1,1,1,0,1,0
dog8thewallet,dog8thewallet,,Source,Twitter,0,3,3,0,5,5,1,1,1,0,1,0
www.express.co.uk,www.express.co.uk,,Target,Web_Domain,2,0,2,4,0,4,0,0,0,0,1,0
www.thestar.com,www.thestar.com,,Target,Web_Domain,1,0,1,1,0,1,0,0,0,0,1,0
DonCarlitos,DonCarlitos,,Source,Twitter,0,2,2,0,2,2,1,1,1,0,197,0
www.reddit.com,www.reddit.com,,Target,Web_Domain,2,0,2,3,0,3,0,0,0,0,197,0
down2earthindia,down2earthindia,,Source,Twitter,0,1,1,0,1,1,1,1,1,0,69,0
www.downtoearth.org.in,www.downtoearth.org.in,,Target,Web_Domain,1,0,1,1,0,1,0,0,0,0,69,0
DprkKorea,DprkKorea,,Source,Twitter,0,1,1,0,1,1,1,1,1,0,120,0
DQQ702,DQQ702,,Source,Twitter,0,1,1,0,1,1,1,1,1,0,3,0
Dr_Blaine,Dr_Blaine,,Source,Twitter,0,1,1,0,1,1,1,1,1,0,1,0
DreadnoughtQCCA,DreadnoughtQCCA,,Source,Twitter,0,1,1,0,1,1,1,1,1,0,1,0
DrGaspar,DrGaspar,,Source,Twitter,0,1,1,0,1,1,1,1,1,0,1,0
DrGeorgeBurdell,DrGeorgeBurdell,,Source,Twitter,0,2,2,0,2,2,1,1,1,0,1,0
drjriggs,drjriggs,,Source,Twitter,0,2,2,0,2,2,1,1,1,0,70,0
www-m.cnn.com,www-m.cnn.com,,Target,Web_Domain,1,0,1,1,0,1,0,0,0,0,70,0
www.technologyreview.com,www.technologyreview.com,,Target,Web_Domain,2,0,2,2,0,2,0,0,0,0,70,0
DrPresage,DrPresage,,Source,Twitter,0,1,1,0,1,1,1,1,1,0,70,0
DruCrawley,DruCrawley,,Source,Twitter,0,1,1,0,1,1,1,1,1,0,1,0
dyinglowkey,dyinglowkey,,Source,Twitter,0,1,1,0,2,2,1,1,1,0,1,0
EarthAccounting,EarthAccounting,,Source,Twitter,0,5,5,0,8,8,1,1,1,0,1,0
www.earth.com,www.earth.com,,Target,Web_Domain,1,0,1,4,0,4,0,0,0,0,1,0
EarthConscious_,EarthConscious_,,Source,Twitter,0,1,1,0,1,1,1,1,1,0,1,0
earthlyrosy,earthlyrosy,,Source,Twitter,0,1,1,0,1,1,1,1,1,0,1,0
earthocean,earthocean,,Source,Twitter,0,1,1,0,2,2,1,1,1,0,1,0
EarthrOrg,EarthrOrg,,Source,Twitter,0,1,1,0,1,1,1,1,1,0,71,0
uk.reuters.com,uk.reuters.com,,Target,Web_Domain,1,0,1,1,0,1,0,0,0,0,71,0
ebphoto,ebphoto,,Source,Twitter,0,1,1,0,1,1,1,1,1,0,72,0
astronomynow.com,astronomynow.com,,Target,Web_Domain,1,0,1,1,0,1,0,0,0,0,72,0
ec_minister,ec_minister,,Source,Twitter,0,1,1,0,1,1,1,1,1,0,1,0
ECIComm,ECIComm,,Source,Twitter,0,1,1,0,1,1,1,1,1,0,1,0
ecoaddicts,ecoaddicts,,Source,Twitter,0,1,1,0,1,1,1,1,1,0,73,0
www.news24.com,www.news24.com,,Target,Web_Domain,1,0,1,1,0,1,0,0,0,0,73,0
EcoWatch,EcoWatch,,Source,Twitter,0,1,1,0,2,2,1,1,1,0,74,0
www.ecowatch.com,www.ecowatch.com,,Target,Web_Domain,1,0,1,2,0,2,0,0,0,0,74,0
Ede_WBG,Ede_WBG,,Source,Twitter,0,1,1,0,2,2,1,1,1,0,1,0
EdH77271683,EdH77271683,,Source,Twitter,0,3,3,0,4,4,1,1,1,0,107,0
abcnews.go.com,abcnews.go.com,,Target,Web_Domain,2,0,2,2,0,2,0,0,0,0,107,0
www.cbsnews.com,www.cbsnews.com,,Target,Web_Domain,3,0,3,4,0,4,0,0,0,0,107,0
www.edwardhahn.us,www.edwardhahn.us,,Target,Web_Domain,1,0,1,2,0,2,0,0,0,0,107,0
Ehsanima,Ehsanima,,Source,Twitter,0,1,1,0,1,1,1,1,1,0,1,0
ehsanrizvi,ehsanrizvi,,Source,Twitter,0,2,2,0,4,4,1,1,1,0,1,0
ejn_greencareer,ejn_greencareer,,Source,Twitter,0,2,2,0,3,3,1,1,1,0,4,0
news.trust.org,news.trust.org,,Target,Web_Domain,1,0,1,1,0,1,0,0,0,0,4,0
elenaperrone,elenaperrone,,Source,Twitter,0,2,2,0,4,4,1,1,1,0,1,0
ellenabianchib,ellenabianchib,,Source,Twitter,0,1,1,0,1,1,1,1,1,0,1,0
EllySpaceMusic,EllySpaceMusic,,Source,Twitter,0,1,1,0,2,2,1,1,1,0,1,0
emvidal,emvidal,,Source,Twitter,0,1,1,0,1,1,1,1,1,0,75,0
teaattrianon.blogspot.com,teaattrianon.blogspot.com,,Target,Web_Domain,1,0,1,1,0,1,0,0,0,0,75,0
EnergyHouseVA,EnergyHouseVA,,Source,Twitter,0,1,1,0,2,2,1,1,1,0,1,0
ENM1989,ENM1989,,Source,Twitter,0,1,1,0,1,1,1,1,1,0,1,0
entradeio,entradeio,,Source,Twitter,0,1,1,0,2,2,1,1,1,0,76,0
www.entrade-x.com,www.entrade-x.com,,Target,Web_Domain,1,0,1,2,0,2,0,0,0,0,76,0
envirwatchdog,envirwatchdog,,Source,Twitter,0,1,1,0,1,1,1,1,1,0,1,0
EnvProtectioNet,EnvProtectioNet,,Source,Twitter,0,1,1,0,1,1,1,1,1,0,1,0
Enzyme__Xo,Enzyme__Xo,,Source,Twitter,0,1,1,0,1,1,1,1,1,0,77,0
brianmolloy.ie,brianmolloy.ie,,Target,Web_Domain,1,0,1,1,0,1,0,0,0,0,77,0
EU_Remain_2017,EU_Remain_2017,,Source,Twitter,0,1,1,0,2,2,1,1,1,0,78,0
www.thenational.scot,www.thenational.scot,,Target,Web_Domain,1,0,1,2,0,2,0,0,0,0,78,0
eumayors,eumayors,,Source,Twitter,0,1,1,0,1,1,1,1,1,0,79,0
wwf.panda.org,wwf.panda.org,,Target,Web_Domain,10,0,10,16,0,16,0,0,0,0,79,0
EuniceAhari,EuniceAhari,,Source,Twitter,0,1,1,0,1,1,1,1,1,0,3,0
EuroGeosciences,EuroGeosciences,,Source,Twitter,0,1,1,0,1,1,1,1,1,0,1,0
EuropeScientist,EuropeScientist,,Source,Twitter,0,1,1,0,1,1,1,1,1,0,80,0
www.europeanscientist.com,www.europeanscientist.com,,Target,Web_Domain,1,0,1,1,0,1,0,0,0,0,80,0
EvaldoFerra,EvaldoFerra,,Source,Twitter,0,1,1,0,2,2,1,1,1,0,3,0
Even_OT,Even_OT,,Source,Twitter,0,1,1,0,1,1,1,1,1,0,1,0
evil_avatar,evil_avatar,,Source,Twitter,0,1,1,0,1,1,1,1,1,0,1,0
evilripper,evilripper,,Source,Twitter,0,1,1,0,1,1,1,1,1,0,3,0
FactCertain,FactCertain,,Source,Twitter,0,1,1,0,1,1,1,1,1,0,1,0
Fadiradi,Fadiradi,,Source,Twitter,0,1,1,0,1,1,1,1,1,0,1,0
fausee,fausee,,Source,Twitter,0,2,2,0,3,3,1,1,1,0,1,0
FCarrenoGalvez,FCarrenoGalvez,,Source,Twitter,0,1,1,0,1,1,1,1,1,0,1,0
fcsrx7,fcsrx7,,Source,Twitter,0,1,1,0,1,1,1,1,1,0,81,0
www.usnews.com,www.usnews.com,,Target,Web_Domain,1,0,1,1,0,1,0,0,0,0,81,0
ffrrnnxx,ffrrnnxx,,Source,Twitter,0,1,1,0,1,1,1,1,1,0,1,0
FinancialXpress,FinancialXpress,,Source,Twitter,0,1,1,0,1,1,1,1,1,0,82,0
www.financialexpress.com,www.financialexpress.com,,Target,Web_Domain,1,0,1,1,0,1,0,0,0,0,82,0
Fingersflying,Fingersflying,,Source,Twitter,0,1,1,0,1,1,1,1,1,0,83,0
www.dailysignal.com,www.dailysignal.com,,Target,Web_Domain,1,0,1,1,0,1,0,0,0,0,83,0
FJHandley,FJHandley,,Source,Twitter,0,1,1,0,1,1,1,1,1,0,1,0
fjwakron,fjwakron,,Source,Twitter,0,1,1,0,1,1,1,1,1,0,1,0
Florent_Buiron,Florent_Buiron,,Source,Twitter,0,1,1,0,2,2,1,1,1,0,1,0
Floridagirl9876,Floridagirl9876,,Source,Twitter,0,1,1,0,2,2,1,1,1,0,1,0
FMGlobal,FMGlobal,,Source,Twitter,0,1,1,0,1,1,1,1,1,0,1,0
ForDummies,ForDummies,,Source,Twitter,0,1,1,0,1,1,1,1,1,0,84,0
ow.ly,ow.ly,,Target,Web_Domain,3,0,3,3,0,3,0,0,0,0,84,0
Forumeteoclimat,Forumeteoclimat,,Source,Twitter,0,1,1,0,2,2,1,1,1,0,1,0
Frankendr01d,Frankendr01d,,Source,Twitter,0,1,1,0,4,4,1,1,1,0,85,0
www.mattysparadigm.org,www.mattysparadigm.org,,Target,Web_Domain,1,0,1,4,0,4,0,0,0,0,85,0
FraserFaithful,FraserFaithful,,Source,Twitter,0,1,1,0,1,1,1,1,1,0,1,0
FreeDawg34,FreeDawg34,,Source,Twitter,0,1,1,0,2,2,1,1,1,0,86,0
en.wikipedia.org,en.wikipedia.org,,Target,Web_Domain,2,0,2,4,0,4,0,0,0,0,86,0
frogmomblog,frogmomblog,,Source,Twitter,0,1,1,0,1,1,1,1,1,0,1,0
future_timeline,future_timeline,,Source,Twitter,0,1,1,0,2,2,1,1,1,0,1,0
mashable.com,mashable.com,,Target,Web_Domain,3,0,3,9,0,9,0,0,0,0,1,0
GagneRenaud,GagneRenaud,,Source,Twitter,0,2,2,0,3,3,1,1,1,0,1,0
Gcclpla,Gcclpla,,Source,Twitter,0,1,1,0,2,2,1,1,1,0,1,0
gcesystems,gcesystems,,Source,Twitter,0,1,1,0,2,2,1,1,1,0,87,0
www.prnewswire.com,www.prnewswire.com,,Target,Web_Domain,1,0,1,2,0,2,0,0,0,0,87,0
GDNonline,GDNonline,,Source,Twitter,0,1,1,0,1,1,1,1,1,0,88,0
www.gdnonline.com,www.gdnonline.com,,Target,Web_Domain,1,0,1,1,0,1,0,0,0,0,88,0
Gender_Env,Gender_Env,,Source,Twitter,0,1,1,0,1,1,1,1,1,0,1,0
GeographyOasis,GeographyOasis,,Source,Twitter,0,2,2,0,4,4,1,1,1,0,89,0
www.teacherspayteachers.com,www.teacherspayteachers.com,,Target,Web_Domain,1,0,1,2,0,2,0,0,0,0,89,0
www.tes.com,www.tes.com,,Target,Web_Domain,1,0,1,2,0,2,0,0,0,0,89,0
ggibsonsmith,ggibsonsmith,,Source,Twitter,0,1,1,0,1,1,1,1,1,0,1,0
GiBonazzi,GiBonazzi,,Source,Twitter,0,1,1,0,2,2,1,1,1,0,90,0
www.standard.co.uk,www.standard.co.uk,,Target,Web_Domain,5,0,5,10,0,10,0,0,0,0,90,0
GISP_Tweets,GISP_Tweets,,Source,Twitter,0,1,1,0,2,2,1,1,1,0,197,0
GlebeShore,GlebeShore,,Source,Twitter,0,1,1,0,2,2,1,1,1,0,91,0
www.investors.com,www.investors.com,,Target,Web_Domain,3,0,3,4,0,4,0,0,0,0,91,0
GlenRob78405325,GlenRob78405325,,Source,Twitter,0,2,2,0,3,3,1,1,1,0,108,0
www.commondreams.org,www.commondreams.org,,Target,Web_Domain,2,0,2,2,0,2,0,0,0,0,108,0
GlobalMacroZen,GlobalMacroZen,,Source,Twitter,0,1,1,0,1,1,1,1,1,0,1,0
globalwarmingt,globalwarmingt,,Source,Twitter,0,1,1,0,1,1,1,1,1,0,92,0
www.scmp.com,www.scmp.com,,Target,Web_Domain,1,0,1,1,0,1,0,0,0,0,92,0
gloocall,gloocall,,Source,Twitter,0,1,1,0,2,2,1,1,1,0,20,0
GloryBuck22,GloryBuck22,,Source,Twitter,0,1,1,0,1,1,1,1,1,0,3,0
godi_talk,godi_talk,,Source,Twitter,0,1,1,0,1,1,1,1,1,0,93,0
sciencedirect.com,sciencedirect.com,,Target,Web_Domain,1,0,1,1,0,1,0,0,0,0,93,0
GodnCountry_,GodnCountry_,,Source,Twitter,0,1,1,0,1,1,1,1,1,0,94,0
tracking.feedpress.it,tracking.feedpress.it,,Target,Web_Domain,2,0,2,2,0,2,0,0,0,0,94,0
GPTInnovations,GPTInnovations,,Source,Twitter,0,1,1,0,1,1,1,1,1,0,1,0
GraemeLScott,GraemeLScott,,Source,Twitter,0,2,2,0,2,2,1,1,1,0,1,0
GrahameLucas,GrahameLucas,,Source,Twitter,0,1,1,0,1,1,1,1,1,0,1,0
GreenBuildingWI,GreenBuildingWI,,Source,Twitter,0,1,1,0,2,2,1,1,1,0,39,0
GreenSchoolsAll,GreenSchoolsAll,,Source,Twitter,0,1,1,0,2,2,1,1,1,0,95,0
mailchi.mp,mailchi.mp,,Target,Web_Domain,1,0,1,2,0,2,0,0,0,0,95,0
gregmckone,gregmckone,,Source,Twitter,0,1,1,0,2,2,1,1,1,0,1,0
grillotalpa,grillotalpa,,Source,Twitter,0,1,1,0,1,1,1,1,1,0,96,0
www.focus.it,www.focus.it,,Target,Web_Domain,1,0,1,1,0,1,0,0,0,0,96,0
GrupoEnergia16,GrupoEnergia16,,Source,Twitter,0,1,1,0,2,2,1,1,1,0,97,0
www.energia16.com,www.energia16.com,,Target,Web_Domain,1,0,1,2,0,2,0,0,0,0,97,0
GSEGreenSaturn,GSEGreenSaturn,,Source,Twitter,0,1,1,0,2,2,1,1,1,0,1,0
handgunsafety,handgunsafety,,Source,Twitter,0,1,1,0,1,1,1,1,1,0,1,0
HandymanCapitol,HandymanCapitol,,Source,Twitter,0,1,1,0,4,4,1,1,1,0,98,0
www.sott.net,www.sott.net,,Target,Web_Domain,1,0,1,4,0,4,0,0,0,0,98,0
HappsHealthHome,HappsHealthHome,,Source,Twitter,0,1,1,0,2,2,1,1,1,0,65,0
harjotkaur29,harjotkaur29,,Source,Twitter,0,1,1,0,2,2,1,1,1,0,99,0
www.theatlantic.com,www.theatlantic.com,,Target,Web_Domain,1,0,1,2,0,2,0,0,0,0,99,0
HaulTail,HaulTail,,Source,Twitter,0,1,1,0,1,1,1,1,1,0,100,0
www.haultail.com,www.haultail.com,,Target,Web_Domain,1,0,1,1,0,1,0,0,0,0,100,0
headspacecoach,headspacecoach,,Source,Twitter,0,1,1,0,1,1,1,1,1,0,91,0
healthybuttrfly,healthybuttrfly,,Source,Twitter,0,2,2,0,4,4,1,1,1,0,1,0
HeartlandGR,HeartlandGR,,Source,Twitter,0,1,1,0,1,1,1,1,1,0,57,0
HectorVote,HectorVote,,Source,Twitter,0,1,1,0,1,1,1,1,1,0,1,0
HeFeibao,HeFeibao,,Source,Twitter,0,1,1,0,1,1,1,1,1,0,1,0
Heinessight,Heinessight,,Source,Twitter,0,1,1,0,1,1,1,1,1,0,1,0
helenarbennett_,helenarbennett_,,Source,Twitter,0,1,1,0,2,2,1,1,1,0,101,0
www.vox.com,www.vox.com,,Target,Web_Domain,2,0,2,4,0,4,0,0,0,0,101,0
HelloMittyKitty,HelloMittyKitty,,Source,Twitter,0,1,1,0,1,1,1,1,1,0,102,0
www.aol.com,www.aol.com,,Target,Web_Domain,1,0,1,1,0,1,0,0,0,0,102,0
HelmsMadeleine,HelmsMadeleine,,Source,Twitter,0,1,1,0,1,1,1,1,1,0,1,0
HenriMars13,HenriMars13,,Source,Twitter,0,1,1,0,2,2,1,1,1,0,90,0
hiveenergy,hiveenergy,,Source,Twitter,0,1,1,0,1,1,1,1,1,0,1,0
Holograph_Ltd,Holograph_Ltd,,Source,Twitter,0,1,1,0,2,2,1,1,1,0,86,0
howtu2,howtu2,,Source,Twitter,0,1,1,0,1,1,1,1,1,0,103,0
how-tu.com,how-tu.com,,Target,Web_Domain,1,0,1,1,0,1,0,0,0,0,103,0
HtraeFolks,HtraeFolks,,Source,Twitter,0,1,1,0,2,2,1,1,1,0,104,0
splinternews.com,splinternews.com,,Target,Web_Domain,1,0,1,2,0,2,0,0,0,0,104,0
htTweets,htTweets,,Source,Twitter,0,1,1,0,2,2,1,1,1,0,105,0
www.hindustantimes.com,www.hindustantimes.com,,Target,Web_Domain,1,0,1,2,0,2,0,0,0,0,105,0
hugolasnier,hugolasnier,,Source,Twitter,0,1,1,0,6,6,1,1,1,0,1,0
HunterCutting,HunterCutting,,Source,Twitter,0,1,1,0,1,1,1,1,1,0,106,0
earther.gizmodo.com,earther.gizmodo.com,,Target,Web_Domain,1,0,1,1,0,1,0,0,0,0,106,0
hutch4progress,hutch4progress,,Source,Twitter,0,1,1,0,1,1,1,1,1,0,1,0
hypocrisyabound,hypocrisyabound,,Source,Twitter,0,1,1,0,1,1,1,1,1,0,107,0
hysterisk65,hysterisk65,,Source,Twitter,0,1,1,0,3,3,1,1,1,0,23,0
iag2u,iag2u,,Source,Twitter,0,1,1,0,2,2,1,1,1,0,1,0
IAM_23150,IAM_23150,,Source,Twitter,0,1,1,0,1,1,1,1,1,0,107,0
Ice911Research,Ice911Research,,Source,Twitter,0,1,1,0,1,1,1,1,1,0,1,0
IceXPR,IceXPR,,Source,Twitter,0,1,1,0,1,1,1,1,1,0,1,0
iChinadian,iChinadian,,Source,Twitter,0,1,1,0,2,2,1,1,1,0,1,0
ICLEI_ResCities,ICLEI_ResCities,,Source,Twitter,0,1,1,0,1,1,1,1,1,0,79,0
ilceruttino,ilceruttino,,Source,Twitter,0,3,3,0,5,5,1,1,1,0,1,0
newsblaze.com,newsblaze.com,,Target,Web_Domain,2,0,2,2,0,2,0,0,0,0,1,0
ILgreenbuilding,ILgreenbuilding,,Source,Twitter,0,1,1,0,2,2,1,1,1,0,39,0
ImagineTheGreen,ImagineTheGreen,,Source,Twitter,0,1,1,0,2,2,1,1,1,0,108,0
www.counterpunch.org,www.counterpunch.org,,Target,Web_Domain,4,0,4,7,0,7,0,0,0,0,108,0
IMidwest,IMidwest,,Source,Twitter,0,1,1,0,1,1,1,1,1,0,1,0
ImperialCCFI,ImperialCCFI,,Source,Twitter,0,1,1,0,1,1,1,1,1,0,1,0
ImpInvNetwork,ImpInvNetwork,,Source,Twitter,0,1,1,0,2,2,1,1,1,0,1,0
IndiaGreenBldg,IndiaGreenBldg,,Source,Twitter,0,1,1,0,2,2,1,1,1,0,39,0
indianathomas,indianathomas,,Source,Twitter,0,1,1,0,2,2,1,1,1,0,109,0
unofficialnetworks.com,unofficialnetworks.com,,Target,Web_Domain,1,0,1,2,0,2,0,0,0,0,109,0
indiatimes,indiatimes,,Source,Twitter,0,1,1,0,1,1,1,1,1,0,110,0
www.indiatimes.com,www.indiatimes.com,,Target,Web_Domain,1,0,1,1,0,1,0,0,0,0,110,0
IngridHesser,IngridHesser,,Source,Twitter,0,1,1,0,1,1,1,1,1,0,1,0
INGVambiente,INGVambiente,,Source,Twitter,0,1,1,0,2,2,1,1,1,0,1,0
inhisstepsdover,inhisstepsdover,,Source,Twitter,0,1,1,0,2,2,1,1,1,0,1,0
Integris3B,Integris3B,,Source,Twitter,0,1,1,0,1,1,1,1,1,0,111,0
www.ft.com,www.ft.com,,Target,Web_Domain,1,0,1,1,0,1,0,0,0,0,111,0
Ionexx_RD,Ionexx_RD,,Source,Twitter,0,1,1,0,1,1,1,1,1,0,1,0
IraHunter8,IraHunter8,,Source,Twitter,0,1,1,0,1,1,1,1,1,0,1,0
www.theglobeandmail.com,www.theglobeandmail.com,,Target,Web_Domain,3,0,3,3,0,3,0,0,0,0,1,0
IstvanElek,IstvanElek,,Source,Twitter,0,1,1,0,2,2,1,1,1,0,112,0
jar_climate,jar_climate,,Source,Twitter,0,1,1,0,2,2,1,1,1,0,1,0
JArthurLewis,JArthurLewis,,Source,Twitter,0,1,1,0,2,2,1,1,1,0,1,0
jasondmoss,jasondmoss,,Source,Twitter,0,1,1,0,1,1,1,1,1,0,1,0
JasonEFarabaugh,JasonEFarabaugh,,Source,Twitter,0,1,1,0,1,1,1,1,1,0,41,0
jay_greathouse,jay_greathouse,,Source,Twitter,0,1,1,0,1,1,1,1,1,0,1,0
JayDobkin,JayDobkin,,Source,Twitter,0,2,2,0,4,4,1,1,1,0,113,0
commons.wikimedia.org,commons.wikimedia.org,,Target,Web_Domain,1,0,1,2,0,2,0,0,0,0,113,0
upload.wikimedia.org,upload.wikimedia.org,,Target,Web_Domain,1,0,1,2,0,2,0,0,0,0,113,0
JayseChaseTV,JayseChaseTV,,Source,Twitter,0,1,1,0,1,1,1,1,1,0,112,0
jbills83,jbills83,,Source,Twitter,0,1,1,0,1,1,1,1,1,0,114,0
nymag.com,nymag.com,,Target,Web_Domain,1,0,1,1,0,1,0,0,0,0,114,0
jbsrq,jbsrq,,Source,Twitter,0,1,1,0,1,1,1,1,1,0,1,0
JC_Cali,JC_Cali,,Source,Twitter,0,1,1,0,2,2,1,1,1,0,107,0
jeffbassell,jeffbassell,,Source,Twitter,0,1,1,0,1,1,1,1,1,0,115,0
finance.townhall.com,finance.townhall.com,,Target,Web_Domain,1,0,1,1,0,1,0,0,0,0,115,0
jeffbrock58,jeffbrock58,,Source,Twitter,0,1,1,0,2,2,1,1,1,0,1,0
JeffDuntemann,JeffDuntemann,,Source,Twitter,0,1,1,0,2,2,1,1,1,0,1,0
jellycat72,jellycat72,,Source,Twitter,0,1,1,0,1,1,1,1,1,0,3,0
Jercope,Jercope,,Source,Twitter,0,1,1,0,2,2,1,1,1,0,1,0
jftaveira1993,jftaveira1993,,Source,Twitter,0,1,1,0,2,2,1,1,1,0,155,0
www.channelnewsasia.com,www.channelnewsasia.com,,Target,Web_Domain,3,0,3,8,0,8,0,0,0,0,155,0
jim261bob,jim261bob,,Source,Twitter,0,1,1,0,1,1,1,1,1,0,1,0
jlakely,jlakely,,Source,Twitter,0,1,1,0,2,2,1,1,1,0,151,0
moonbattery.com,moonbattery.com,,Target,Web_Domain,2,0,2,6,0,6,0,0,0,0,151,0
jmskibsted,jmskibsted,,Source,Twitter,0,1,1,0,2,2,1,1,1,0,197,0
JoanneSpruceC21,JoanneSpruceC21,,Source,Twitter,0,4,4,0,5,5,1,1,1,0,1,0
www.miamiherald.com,www.miamiherald.com,,Target,Web_Domain,1,0,1,2,0,2,0,0,0,0,1,0
jocularious,jocularious,,Source,Twitter,0,1,1,0,5,5,1,1,1,0,116,0
jocularious.com,jocularious.com,,Target,Web_Domain,1,0,1,5,0,5,0,0,0,0,116,0
JoeLemur,JoeLemur,,Source,Twitter,0,1,1,0,1,1,1,1,1,0,1,0
john_p_rafferty,john_p_rafferty,,Source,Twitter,0,1,1,0,2,2,1,1,1,0,10,0
John_Wayne1111,John_Wayne1111,,Source,Twitter,0,1,1,0,1,1,1,1,1,0,1,0
JohnCoviello1,JohnCoviello1,,Source,Twitter,0,1,1,0,1,1,1,1,1,0,117,0
hubpages.com,hubpages.com,,Target,Web_Domain,1,0,1,1,0,1,0,0,0,0,117,0
JonasPWerner,JonasPWerner,,Source,Twitter,0,1,1,0,2,2,1,1,1,0,1,0
judemgreen,judemgreen,,Source,Twitter,0,1,1,0,4,4,1,1,1,0,118,0
www.feinstein.senate.gov,www.feinstein.senate.gov,,Target,Web_Domain,2,0,2,5,0,5,0,0,0,0,118,0
judymorris3,judymorris3,,Source,Twitter,0,3,3,0,5,5,1,1,1,0,119,0
davidstockmanscontracorner.com,davidstockmanscontracorner.com,,Target,Web_Domain,1,0,1,2,0,2,0,0,0,0,119,0
www.brighteon.com,www.brighteon.com,,Target,Web_Domain,1,0,1,1,0,1,0,0,0,0,119,0
www.dcclothesline.com,www.dcclothesline.com,,Target,Web_Domain,1,0,1,2,0,2,0,0,0,0,119,0
juliendemassey,juliendemassey,,Source,Twitter,0,1,1,0,2,2,1,1,1,0,1,0
JulieVdberghe,JulieVdberghe,,Source,Twitter,0,1,1,0,2,2,1,1,1,0,79,0
JustOne_UK,JustOne_UK,,Source,Twitter,0,1,1,0,1,1,1,1,1,0,197,0
Justweeterin,Justweeterin,,Source,Twitter,0,1,1,0,2,2,1,1,1,0,1,0
JWolstad,JWolstad,,Source,Twitter,0,1,1,0,1,1,1,1,1,0,1,0
JWSpry,JWSpry,,Source,Twitter,0,3,3,0,11,11,1,1,1,0,120,0
bitly.com,bitly.com,,Target,Web_Domain,4,0,4,5,0,5,0,0,0,0,120,0
wattsupwiththat.com,wattsupwiththat.com,,Target,Web_Domain,2,0,2,3,0,3,0,0,0,0,120,0
jyrkikononen,jyrkikononen,,Source,Twitter,0,1,1,0,1,1,1,1,1,0,120,0
KathiFajardo,KathiFajardo,,Source,Twitter,0,1,1,0,2,2,1,1,1,0,1,0
KatMaria,KatMaria,,Source,Twitter,0,1,1,0,1,1,1,1,1,0,197,0
Kattenkopjes,Kattenkopjes,,Source,Twitter,0,1,1,0,1,1,1,1,1,0,1,0
kbalaji1991,kbalaji1991,,Source,Twitter,0,1,1,0,2,2,1,1,1,0,121,0
inshorts.com,inshorts.com,,Target,Web_Domain,1,0,1,2,0,2,0,0,0,0,121,0
KenGreenwood11,KenGreenwood11,,Source,Twitter,0,1,1,0,2,2,1,1,1,0,10,0
KenjiMiyajima,KenjiMiyajima,,Source,Twitter,0,1,1,0,1,1,1,1,1,0,1,0
Kent_SignsMag,Kent_SignsMag,,Source,Twitter,0,1,1,0,1,1,1,1,1,0,122,0
soundcloud.com,soundcloud.com,,Target,Web_Domain,2,0,2,2,0,2,0,0,0,0,122,0
kettlemoraine,kettlemoraine,,Source,Twitter,0,1,1,0,2,2,1,1,1,0,9,0
kevindavis338,kevindavis338,,Source,Twitter,0,1,1,0,1,1,1,1,1,0,130,0
apnews.com,apnews.com,,Target,Web_Domain,2,0,2,3,0,3,0,0,0,0,130,0
kindcutesteve,kindcutesteve,,Source,Twitter,0,1,1,0,2,2,1,1,1,0,197,0
KingofthePauper,KingofthePauper,,Source,Twitter,0,2,2,0,4,4,1,1,1,0,1,0
smartestman.ca,smartestman.ca,,Target,Web_Domain,1,0,1,2,0,2,0,0,0,0,1,0
KirHammond,KirHammond,,Source,Twitter,0,1,1,0,2,2,1,1,1,0,123,0
specifierreview.com,specifierreview.com,,Target,Web_Domain,2,0,2,3,0,3,0,0,0,0,123,0
KlaudineWakasa,KlaudineWakasa,,Source,Twitter,0,1,1,0,1,1,1,1,1,0,124,0
www.climatechangenews.com,www.climatechangenews.com,,Target,Web_Domain,1,0,1,1,0,1,0,0,0,0,124,0
KlausRiede,KlausRiede,,Source,Twitter,0,1,1,0,1,1,1,1,1,0,1,0
Klemens82,Klemens82,,Source,Twitter,0,1,1,0,2,2,1,1,1,0,125,0
climate.weather.gc.ca,climate.weather.gc.ca,,Target,Web_Domain,1,0,1,2,0,2,0,0,0,0,125,0
KobeeManatee,KobeeManatee,,Source,Twitter,0,5,5,0,12,12,1,1,1,0,1,0
www.ecoti.in,www.ecoti.in,,Target,Web_Domain,1,0,1,2,0,2,0,0,0,0,1,0
www.euronews.com,www.euronews.com,,Target,Web_Domain,1,0,1,2,0,2,0,0,0,0,1,0
www.news-leader.com,www.news-leader.com,,Target,Web_Domain,2,0,2,4,0,4,0,0,0,0,1,0
KristineCummins,KristineCummins,,Source,Twitter,0,1,1,0,2,2,1,1,1,0,1,0
Kurtilette,Kurtilette,,Source,Twitter,0,1,1,0,1,1,1,1,1,0,112,0
kurtisbright523,kurtisbright523,,Source,Twitter,0,1,1,0,2,2,1,1,1,0,126,0
www.inquisitr.com,www.inquisitr.com,,Target,Web_Domain,1,0,1,2,0,2,0,0,0,0,126,0
kww_led,kww_led,,Source,Twitter,0,1,1,0,1,1,1,1,1,0,127,0
kwwled.com,kwwled.com,,Target,Web_Domain,1,0,1,1,0,1,0,0,0,0,127,0
lary_flet,lary_flet,,Source,Twitter,0,3,3,0,6,6,1,1,1,0,1,0
jamaica-gleaner.com,jamaica-gleaner.com,,Target,Web_Domain,1,0,1,2,0,2,0,0,0,0,1,0
laststraw13,laststraw13,,Source,Twitter,0,1,1,0,1,1,1,1,1,0,128,0
www.co2.earth,www.co2.earth,,Target,Web_Domain,1,0,1,1,0,1,0,0,0,0,128,0
latestly,latestly,,Source,Twitter,0,1,1,0,2,2,1,1,1,0,129,0
www.latestly.com,www.latestly.com,,Target,Web_Domain,1,0,1,2,0,2,0,0,0,0,129,0
lauras_realm,lauras_realm,,Source,Twitter,0,1,1,0,2,2,1,1,1,0,130,0
LaurelLeafChat,LaurelLeafChat,,Source,Twitter,0,1,1,0,1,1,1,1,1,0,131,0
polarbearsinternational.org,polarbearsinternational.org,,Target,Web_Domain,1,0,1,1,0,1,0,0,0,0,131,0
layden_h,layden_h,,Source,Twitter,0,1,1,0,2,2,1,1,1,0,132,0
www.globalwarming.org,www.globalwarming.org,,Target,Web_Domain,1,0,1,2,0,2,0,0,0,0,132,0
LCRCleveland,LCRCleveland,,Source,Twitter,0,1,1,0,1,1,1,1,1,0,1,0
LeeKitzis,LeeKitzis,,Source,Twitter,0,2,2,0,2,2,1,1,1,0,1,0
earthobservatory.nasa.gov,earthobservatory.nasa.gov,,Target,Web_Domain,1,0,1,1,0,1,0,0,0,0,1,0
letourse,letourse,,Source,Twitter,0,1,1,0,1,1,1,1,1,0,1,0
Letsdiskuss,Letsdiskuss,,Source,Twitter,0,1,1,0,2,2,1,1,1,0,1,0
libertynation,libertynation,,Source,Twitter,0,1,1,0,2,2,1,1,1,0,133,0
www.libertynation.com,www.libertynation.com,,Target,Web_Domain,1,0,1,2,0,2,0,0,0,0,133,0
libspring,libspring,,Source,Twitter,0,1,1,0,1,1,1,1,1,0,1,0
lidwieneik_boom,lidwieneik_boom,,Source,Twitter,0,1,1,0,2,2,1,1,1,0,1,0
lilo623,lilo623,,Source,Twitter,0,1,1,0,1,1,1,1,1,0,13,0
Limey98,Limey98,,Source,Twitter,0,1,1,0,1,1,1,1,1,0,1,0
LinaSalazar,LinaSalazar,,Source,Twitter,0,1,1,0,2,2,1,1,1,0,1,0
Littlemisskatyb,Littlemisskatyb,,Source,Twitter,0,1,1,0,1,1,1,1,1,0,197,0
LoomSolar,LoomSolar,,Source,Twitter,0,1,1,0,2,2,1,1,1,0,134,0
www.loomsolar.com,www.loomsolar.com,,Target,Web_Domain,1,0,1,2,0,2,0,0,0,0,134,0
LT_Misc,LT_Misc,,Source,Twitter,0,1,1,0,2,2,1,1,1,0,135,0
a.msn.com,a.msn.com,,Target,Web_Domain,2,0,2,4,0,4,0,0,0,0,135,0
LTGenerators,LTGenerators,,Source,Twitter,0,1,1,0,1,1,1,1,1,0,201,0
ltgenerators.com,ltgenerators.com,,Target,Web_Domain,2,0,2,3,0,3,0,0,0,0,201,0
LubomilaJ,LubomilaJ,,Source,Twitter,0,1,1,0,4,4,1,1,1,0,1,0
LucaLombroso,LucaLombroso,,Source,Twitter,0,1,1,0,2,2,1,1,1,0,90,0
LuluWalcott1,LuluWalcott1,,Source,Twitter,0,1,1,0,1,1,1,1,1,0,1,0
LunaRoseHD,LunaRoseHD,,Source,Twitter,0,1,1,0,1,1,1,1,1,0,1,0
lxztlr,lxztlr,,Source,Twitter,0,1,1,0,1,1,1,1,1,0,1,0
M_J_Robbins,M_J_Robbins,,Source,Twitter,0,1,1,0,1,1,1,1,1,0,197,0
maga_proud,maga_proud,,Source,Twitter,0,1,1,0,2,2,1,1,1,0,1,0
MAGreenBuilding,MAGreenBuilding,,Source,Twitter,0,1,1,0,2,2,1,1,1,0,39,0
MakeEarthSexy,MakeEarthSexy,,Source,Twitter,0,1,1,0,2,2,1,1,1,0,101,0
malhotravineet7,malhotravineet7,,Source,Twitter,0,1,1,0,2,2,1,1,1,0,136,0
www.popsci.com,www.popsci.com,,Target,Web_Domain,2,0,2,4,0,4,0,0,0,0,136,0
MallMaga,MallMaga,,Source,Twitter,0,1,1,0,2,2,1,1,1,0,1,0
manriquehawaii,manriquehawaii,,Source,Twitter,0,1,1,0,1,1,1,1,1,0,1,0
MarcikFrantisek,MarcikFrantisek,,Source,Twitter,0,1,1,0,1,1,1,1,1,0,1,0
MariaMo32975161,MariaMo32975161,,Source,Twitter,0,1,1,0,2,2,1,1,1,0,1,0
markcclaydon,markcclaydon,,Source,Twitter,0,1,1,0,1,1,1,1,1,0,3,0
market_forces,market_forces,,Source,Twitter,0,1,1,0,2,2,1,1,1,0,1,0
MasonResearch,MasonResearch,,Source,Twitter,0,1,1,0,2,2,1,1,1,0,137,0
www.sierraclub.org,www.sierraclub.org,,Target,Web_Domain,1,0,1,2,0,2,0,0,0,0,137,0
masplawn,masplawn,,Source,Twitter,0,1,1,0,1,1,1,1,1,0,138,0
www.nasa.gov,www.nasa.gov,,Target,Web_Domain,1,0,1,1,0,1,0,0,0,0,138,0
MastersofDebate,MastersofDebate,,Source,Twitter,0,1,1,0,1,1,1,1,1,0,139,0
www.spreaker.com,www.spreaker.com,,Target,Web_Domain,1,0,1,1,0,1,0,0,0,0,139,0
MastrBlue,MastrBlue,,Source,Twitter,0,1,1,0,1,1,1,1,1,0,1,0
MattMorgan23,MattMorgan23,,Source,Twitter,0,1,1,0,2,2,1,1,1,0,140,0
www.businessinsider.com,www.businessinsider.com,,Target,Web_Domain,1,0,1,2,0,2,0,0,0,0,140,0
MayaMachacek,MayaMachacek,,Source,Twitter,0,2,2,0,2,2,1,1,1,0,1,0
Medic_Nikola,Medic_Nikola,,Source,Twitter,0,1,1,0,1,1,1,1,1,0,141,0
www.sciencedirect.com,www.sciencedirect.com,,Target,Web_Domain,1,0,1,1,0,1,0,0,0,0,141,0
meds4care,meds4care,,Source,Twitter,0,1,1,0,1,1,1,1,1,0,142,0
www.voanews.com,www.voanews.com,,Target,Web_Domain,2,0,2,2,0,2,0,0,0,0,142,0
Megavolts001,Megavolts001,,Source,Twitter,0,1,1,0,2,2,1,1,1,0,1,0
MemorialReefs,MemorialReefs,,Source,Twitter,0,1,1,0,1,1,1,1,1,0,143,0
grist.org,grist.org,,Target,Web_Domain,1,0,1,1,0,1,0,0,0,0,143,0
mflayton,mflayton,,Source,Twitter,0,1,1,0,2,2,1,1,1,0,57,0
MiaLis79,MiaLis79,,Source,Twitter,0,1,1,0,2,2,1,1,1,0,144,0
www.wunderground.com,www.wunderground.com,,Target,Web_Domain,1,0,1,2,0,2,0,0,0,0,144,0
MICHAELANTONIO,MICHAELANTONIO,,Source,Twitter,0,1,1,0,1,1,1,1,1,0,145,0
michaelantonio.biz,michaelantonio.biz,,Target,Web_Domain,1,0,1,1,0,1,0,0,0,0,145,0
MichelleHardee,MichelleHardee,,Source,Twitter,0,1,1,0,2,2,1,1,1,0,1,0
MidrandReporter,MidrandReporter,,Source,Twitter,0,1,1,0,1,1,1,1,1,0,146,0
midrandreporter.co.za,midrandreporter.co.za,,Target,Web_Domain,1,0,1,1,0,1,0,0,0,0,146,0
MIGreenBuilding,MIGreenBuilding,,Source,Twitter,0,1,1,0,2,2,1,1,1,0,39,0
MikeyDog,MikeyDog,,Source,Twitter,0,1,1,0,1,1,1,1,1,0,147,0
www.city-journal.org,www.city-journal.org,,Target,Web_Domain,1,0,1,1,0,1,0,0,0,0,147,0
mikeyJ1980,mikeyJ1980,,Source,Twitter,0,1,1,0,1,1,1,1,1,0,3,0
MilkHurts,MilkHurts,,Source,Twitter,0,1,1,0,1,1,1,1,1,0,148,0
www.livekindly.co,www.livekindly.co,,Target,Web_Domain,1,0,1,1,0,1,0,0,0,0,148,0
MindfulTShirt,MindfulTShirt,,Source,Twitter,0,1,1,0,1,1,1,1,1,0,149,0
mindfultshirt.com,mindfultshirt.com,,Target,Web_Domain,1,0,1,1,0,1,0,0,0,0,149,0
miniprice75,miniprice75,,Source,Twitter,0,1,1,0,1,1,1,1,1,0,150,0
www.bbc.co.uk,www.bbc.co.uk,,Target,Web_Domain,3,0,3,4,0,4,0,0,0,0,150,0
mkty5280,mkty5280,,Source,Twitter,0,1,1,0,1,1,1,1,1,0,1,0
MOgreenbuilding,MOgreenbuilding,,Source,Twitter,0,1,1,0,1,1,1,1,1,0,39,0
mompanionship,mompanionship,,Source,Twitter,0,1,1,0,2,2,1,1,1,0,1,0
MonarchinMN,MonarchinMN,,Source,Twitter,0,1,1,0,2,2,1,1,1,0,1,0
Moonbattery1,Moonbattery1,,Source,Twitter,0,1,1,0,4,4,1,1,1,0,151,0
mpAltreNotizie,mpAltreNotizie,,Source,Twitter,0,1,1,0,2,2,1,1,1,0,108,0
MThunderslice,MThunderslice,,Source,Twitter,0,1,1,0,2,2,1,1,1,0,1,0
MtRushmore2016,MtRushmore2016,,Source,Twitter,0,1,1,0,2,2,1,1,1,0,152,0
americaoutloud.com,americaoutloud.com,,Target,Web_Domain,1,0,1,2,0,2,0,0,0,0,152,0
MURPHYPJ,MURPHYPJ,,Source,Twitter,0,1,1,0,1,1,1,1,1,0,153,0
fineartamerica.com,fineartamerica.com,,Target,Web_Domain,2,0,2,2,0,2,0,0,0,0,153,0
muycarro,muycarro,,Source,Twitter,0,1,1,0,1,1,1,1,1,0,1,0
MyAnandaBazar,MyAnandaBazar,,Source,Twitter,0,1,1,0,1,1,1,1,1,0,154,0
www.anandabazar.com,www.anandabazar.com,,Target,Web_Domain,1,0,1,1,0,1,0,0,0,0,154,0
n_rosellini,n_rosellini,,Source,Twitter,0,1,1,0,4,4,1,1,1,0,155,0
NaneAam,NaneAam,,Source,Twitter,0,1,1,0,2,2,1,1,1,0,156,0
www.econlib.org,www.econlib.org,,Target,Web_Domain,1,0,1,2,0,2,0,0,0,0,156,0
ndtv,ndtv,,Source,Twitter,0,1,1,0,2,2,1,1,1,0,1,0
NE_Tribune,NE_Tribune,,Source,Twitter,0,1,1,0,1,1,1,1,1,0,157,0
northeasterntribune.co.za,northeasterntribune.co.za,,Target,Web_Domain,1,0,1,1,0,1,0,0,0,0,157,0
Necio_news,Necio_news,,Source,Twitter,0,1,1,0,2,2,1,1,1,0,158,0
riskandinsurance.com,riskandinsurance.com,,Target,Web_Domain,1,0,1,2,0,2,0,0,0,0,158,0
NeilDufty,NeilDufty,,Source,Twitter,0,1,1,0,2,2,1,1,1,0,10,0
netsy01,netsy01,,Source,Twitter,0,1,1,0,2,2,1,1,1,0,1,0
newglobalelite,newglobalelite,,Source,Twitter,0,1,1,0,2,2,1,1,1,0,2,0
newsblaze,newsblaze,,Source,Twitter,0,1,1,0,1,1,1,1,1,0,1,0
NewsNMT,NewsNMT,,Source,Twitter,0,1,1,0,1,1,1,1,1,0,159,0
northcliffmelvilletimes.co.za,northcliffmelvilletimes.co.za,,Target,Web_Domain,1,0,1,1,0,1,0,0,0,0,159,0
nextexpected,nextexpected,,Source,Twitter,0,1,1,0,1,1,1,1,1,0,160,0
www.nexpected.com,www.nexpected.com,,Target,Web_Domain,1,0,1,1,0,1,0,0,0,0,160,0
NHgreenbuilding,NHgreenbuilding,,Source,Twitter,0,1,1,0,2,2,1,1,1,0,39,0
NicolasLESCURE,NicolasLESCURE,,Source,Twitter,0,1,1,0,1,1,1,1,1,0,1,0
NikiValine,NikiValine,,Source,Twitter,0,2,2,0,4,4,1,1,1,0,1,0
NineInchBride,NineInchBride,,Source,Twitter,0,1,1,0,1,1,1,1,1,0,161,0
www.greanvillepost.com,www.greanvillepost.com,,Target,Web_Domain,1,0,1,1,0,1,0,0,0,0,161,0
NIPRGreens,NIPRGreens,,Source,Twitter,0,1,1,0,1,1,1,1,1,0,162,0
www.nationalobserver.com,www.nationalobserver.com,,Target,Web_Domain,1,0,1,1,0,1,0,0,0,0,162,0
NJgreenbuilding,NJgreenbuilding,,Source,Twitter,0,1,1,0,2,2,1,1,1,0,39,0
NLCounselling,NLCounselling,,Source,Twitter,0,1,1,0,1,1,1,1,1,0,197,0
NobleProfit,NobleProfit,,Source,Twitter,0,1,1,0,1,1,1,1,1,0,1,0
norma__77,norma__77,,Source,Twitter,0,1,1,0,1,1,1,1,1,0,1,0
Nornenland,Nornenland,,Source,Twitter,0,1,1,0,1,1,1,1,1,0,108,0
NorthAmcarbon,NorthAmcarbon,,Source,Twitter,0,2,2,0,3,3,1,1,1,0,1,0
Northeastern,Northeastern,,Source,Twitter,0,1,1,0,1,1,1,1,1,0,163,0
news.northeastern.edu,news.northeastern.edu,,Target,Web_Domain,1,0,1,1,0,1,0,0,0,0,163,0
NYGreenBuilding,NYGreenBuilding,,Source,Twitter,0,1,1,0,2,2,1,1,1,0,39,0
oakden_wolf,oakden_wolf,,Source,Twitter,0,1,1,0,2,2,1,1,1,0,164,0
news.illinois.edu,news.illinois.edu,,Target,Web_Domain,1,0,1,2,0,2,0,0,0,0,164,0
occupycorruptDC,occupycorruptDC,,Source,Twitter,0,2,2,0,3,3,1,1,1,0,1,0
climatechangedispatch.com,climatechangedispatch.com,,Target,Web_Domain,1,0,1,1,0,1,0,0,0,0,1,0
odhiambodanyell,odhiambodanyell,,Source,Twitter,0,1,1,0,2,2,1,1,1,0,90,0
OGMPourTous,OGMPourTous,,Source,Twitter,0,1,1,0,2,2,1,1,1,0,165,0
thelogicofscience.com,thelogicofscience.com,,Target,Web_Domain,1,0,1,2,0,2,0,0,0,0,165,0
OneSpeciam,OneSpeciam,,Source,Twitter,0,1,1,0,1,1,1,1,1,0,166,0
www.ecosia.org,www.ecosia.org,,Target,Web_Domain,1,0,1,1,0,1,0,0,0,0,166,0
opennaukri,opennaukri,,Source,Twitter,0,1,1,0,2,2,1,1,1,0,167,0
www.opennaukri.com,www.opennaukri.com,,Target,Web_Domain,1,0,1,2,0,2,0,0,0,0,167,0
OPTrust,OPTrust,,Source,Twitter,0,1,1,0,1,1,1,1,1,0,168,0
www.optrust.com,www.optrust.com,,Target,Web_Domain,1,0,1,1,0,1,0,0,0,0,168,0
OrganicErica,OrganicErica,,Source,Twitter,0,3,3,0,28,28,1,1,1,0,169,0
organiclivefood.com,organiclivefood.com,,Target,Web_Domain,2,0,2,7,0,7,0,0,0,0,169,0
seattleorganicrestaurants.com,seattleorganicrestaurants.com,,Target,Web_Domain,1,0,1,18,0,18,0,0,0,0,169,0
www.seattleorganicrestaurants.com,www.seattleorganicrestaurants.com,,Target,Web_Domain,1,0,1,5,0,5,0,0,0,0,169,0
OrganicLiveFood,OrganicLiveFood,,Source,Twitter,0,1,1,0,2,2,1,1,1,0,169,0
ouronehome,ouronehome,,Source,Twitter,0,1,1,0,4,4,1,1,1,0,170,0
onehome.org.uk,onehome.org.uk,,Target,Web_Domain,1,0,1,4,0,4,0,0,0,0,170,0
outdoorvital,outdoorvital,,Source,Twitter,0,2,2,0,4,4,1,1,1,0,171,0
driveway.homevertex.com,driveway.homevertex.com,,Target,Web_Domain,1,0,1,2,0,2,0,0,0,0,171,0
globalwarming.outdoorvital.com,globalwarming.outdoorvital.com,,Target,Web_Domain,1,0,1,2,0,2,0,0,0,0,171,0
OutriderFdn,OutriderFdn,,Source,Twitter,0,1,1,0,12,12,1,1,1,0,44,0
OwenMeeny,OwenMeeny,,Source,Twitter,0,1,1,0,1,1,1,1,1,0,1,0
PAGreenbuilding,PAGreenbuilding,,Source,Twitter,0,1,1,0,2,2,1,1,1,0,39,0
PaladinoEU,PaladinoEU,,Source,Twitter,0,1,1,0,1,1,1,1,1,0,1,0
PapaMooseAK,PapaMooseAK,,Source,Twitter,0,1,1,0,1,1,1,1,1,0,1,0
ParadoxRolling,ParadoxRolling,,Source,Twitter,0,1,1,0,2,2,1,1,1,0,23,0
patquintero_s,patquintero_s,,Source,Twitter,0,1,1,0,1,1,1,1,1,0,1,0
patricialclark,patricialclark,,Source,Twitter,0,1,1,0,1,1,1,1,1,0,1,0
patriotsnewscom,patriotsnewscom,,Source,Twitter,0,1,1,0,1,1,1,1,1,0,172,0
patriotsnews.com,patriotsnews.com,,Target,Web_Domain,1,0,1,1,0,1,0,0,0,0,172,0
PauleyesterPh,PauleyesterPh,,Source,Twitter,0,1,1,0,2,2,1,1,1,0,197,0
paulhowey,paulhowey,,Source,Twitter,0,1,1,0,2,2,1,1,1,0,63,0
pauljimerson,pauljimerson,,Source,Twitter,0,1,1,0,25,25,1,1,1,0,1,0
pdjmoo,pdjmoo,,Source,Twitter,0,2,2,0,3,3,1,1,1,0,1,0
Pdzielinski,Pdzielinski,,Source,Twitter,0,1,1,0,2,2,1,1,1,0,173,0
news.thedecpage.com,news.thedecpage.com,,Target,Web_Domain,1,0,1,2,0,2,0,0,0,0,173,0
Pelican1,Pelican1,,Source,Twitter,0,1,1,0,2,2,1,1,1,0,1,0
Penticton_Nigel,Penticton_Nigel,,Source,Twitter,0,1,1,0,1,1,1,1,1,0,174,0
www.drroyspencer.com,www.drroyspencer.com,,Target,Web_Domain,1,0,1,1,0,1,0,0,0,0,174,0
peoplexplanet,peoplexplanet,,Source,Twitter,0,1,1,0,4,4,1,1,1,0,175,0
www.peopleforplanet.it,www.peopleforplanet.it,,Target,Web_Domain,1,0,1,4,0,4,0,0,0,0,175,0
peter_schijven,peter_schijven,,Source,Twitter,0,1,1,0,1,1,1,1,1,0,176,0
www.rtlnieuws.nl,www.rtlnieuws.nl,,Target,Web_Domain,1,0,1,1,0,1,0,0,0,0,176,0
peterdafcan,peterdafcan,,Source,Twitter,0,1,1,0,1,1,1,1,1,0,177,0
eu.usatoday.com,eu.usatoday.com,,Target,Web_Domain,1,0,1,1,0,1,0,0,0,0,177,0
PeterDGardner,PeterDGardner,,Source,Twitter,0,1,1,0,1,1,1,1,1,0,1,0
Phil_di_Fer,Phil_di_Fer,,Source,Twitter,0,1,1,0,2,2,1,1,1,0,1,0
Phononic_Inc,Phononic_Inc,,Source,Twitter,0,1,1,0,1,1,1,1,1,0,178,0
www.inc.com,www.inc.com,,Target,Web_Domain,1,0,1,1,0,1,0,0,0,0,178,0
PhotographixByJ,PhotographixByJ,,Source,Twitter,0,1,1,0,1,1,1,1,1,0,179,0
science2017.globalchange.gov,science2017.globalchange.gov,,Target,Web_Domain,1,0,1,1,0,1,0,0,0,0,179,0
Piktograf_MrLOL,Piktograf_MrLOL,,Source,Twitter,0,2,2,0,2,2,1,1,1,0,180,0
lolsworld.com,lolsworld.com,,Target,Web_Domain,1,0,1,1,0,1,0,0,0,0,180,0
twitter.com,twitter.com,,Target,Web_Domain,1,0,1,1,0,1,0,0,0,0,180,0
pixel_and_ink,pixel_and_ink,,Source,Twitter,0,1,1,0,1,1,1,1,1,0,197,0
PlanetSWAMPY,PlanetSWAMPY,,Source,Twitter,0,1,1,0,1,1,1,1,1,0,1,0
PlasticBreakUp,PlasticBreakUp,,Source,Twitter,0,1,1,0,2,2,1,1,1,0,155,0
PLVerratti,PLVerratti,,Source,Twitter,0,1,1,0,1,1,1,1,1,0,1,0
pokeysnowflake,pokeysnowflake,,Source,Twitter,0,1,1,0,2,2,1,1,1,0,1,0
politstrip,politstrip,,Source,Twitter,0,1,1,0,2,2,1,1,1,0,1,0
PollutedDelhi,PollutedDelhi,,Source,Twitter,0,1,1,0,1,1,1,1,1,0,1,0
PORP_Science,PORP_Science,,Source,Twitter,0,1,1,0,1,1,1,1,1,0,1,0
prabhatmisra,prabhatmisra,,Source,Twitter,0,1,1,0,2,2,1,1,1,0,1,0
proof_io,proof_io,,Source,Twitter,0,1,1,0,1,1,1,1,1,0,181,0
proofmedia.io,proofmedia.io,,Target,Web_Domain,1,0,1,1,0,1,0,0,0,0,181,0
ProutGlobal,ProutGlobal,,Source,Twitter,0,1,1,0,2,2,1,1,1,0,197,0
proxcee,proxcee,,Source,Twitter,0,1,1,0,2,2,1,1,1,0,1,0
Psychictaxi,Psychictaxi,,Source,Twitter,0,1,1,0,1,1,1,1,1,0,1,0
PublicAdvocacy,PublicAdvocacy,,Source,Twitter,0,1,1,0,1,1,1,1,1,0,1,0
QuietYorkshire,QuietYorkshire,,Source,Twitter,0,1,1,0,2,2,1,1,1,0,197,0
RachAgainstThe,RachAgainstThe,,Source,Twitter,0,1,1,0,2,2,1,1,1,0,197,0
RadioFarSide,RadioFarSide,,Source,Twitter,0,2,2,0,2,2,1,1,1,0,1,0
www.accuweather.com,www.accuweather.com,,Target,Web_Domain,1,0,1,1,0,1,0,0,0,0,1,0
rahayu64132092,rahayu64132092,,Source,Twitter,0,1,1,0,2,2,1,1,1,0,182,0
eco-weekly.com,eco-weekly.com,,Target,Web_Domain,1,0,1,2,0,2,0,0,0,0,182,0
randburg_sun,randburg_sun,,Source,Twitter,0,1,1,0,1,1,1,1,1,0,183,0
randburgsun.co.za,randburgsun.co.za,,Target,Web_Domain,1,0,1,1,0,1,0,0,0,0,183,0
rateitgreen,rateitgreen,,Source,Twitter,0,1,1,0,2,2,1,1,1,0,39,0
rblumel,rblumel,,Source,Twitter,0,1,1,0,1,1,1,1,1,0,1,0
rdelarosayoon,rdelarosayoon,,Source,Twitter,0,1,1,0,1,1,1,1,1,0,1,0
RealAZJ,RealAZJ,,Source,Twitter,0,1,1,0,1,1,1,1,1,0,1,0
RealBlindPirate,RealBlindPirate,,Source,Twitter,0,1,1,0,1,1,1,1,1,0,1,0
reg1776,reg1776,,Source,Twitter,0,1,1,0,1,1,1,1,1,0,1,0
relay_power,relay_power,,Source,Twitter,0,1,1,0,1,1,1,1,1,0,184,0
relaypower.com,relaypower.com,,Target,Web_Domain,1,0,1,1,0,1,0,0,0,0,184,0
ReluctantUser2,ReluctantUser2,,Source,Twitter,0,1,1,0,1,1,1,1,1,0,1,0
ReneOrij,ReneOrij,,Source,Twitter,0,1,1,0,1,1,1,1,1,0,1,0
RepublicaNepal,RepublicaNepal,,Source,Twitter,0,1,1,0,2,2,1,1,1,0,185,0
myrepublica.nagariknetwork.com,myrepublica.nagariknetwork.com,,Target,Web_Domain,1,0,1,2,0,2,0,0,0,0,185,0
RichardLAshwell,RichardLAshwell,,Source,Twitter,0,1,1,0,2,2,1,1,1,0,90,0
RichardLGoode1,RichardLGoode1,,Source,Twitter,0,1,1,0,2,2,1,1,1,0,120,0
RichTatum,RichTatum,,Source,Twitter,0,1,1,0,1,1,1,1,1,0,37,0
RIGreenbuilding,RIGreenbuilding,,Source,Twitter,0,1,1,0,2,2,1,1,1,0,39,0
riotwomennn,riotwomennn,,Source,Twitter,0,1,1,0,1,1,1,1,1,0,118,0
riteaparty,riteaparty,,Source,Twitter,0,1,1,0,1,1,1,1,1,0,186,0
www.dailywire.com,www.dailywire.com,,Target,Web_Domain,1,0,1,1,0,1,0,0,0,0,186,0
rjoseph7777,rjoseph7777,,Source,Twitter,0,4,4,0,4,4,1,1,1,0,1,0
study.com,study.com,,Target,Web_Domain,1,0,1,1,0,1,0,0,0,0,1,0
www.dailykos.com,www.dailykos.com,,Target,Web_Domain,1,0,1,1,0,1,0,0,0,0,1,0
www.rawstory.com,www.rawstory.com,,Target,Web_Domain,1,0,1,1,0,1,0,0,0,0,1,0
RK_Gazette,RK_Gazette,,Source,Twitter,0,1,1,0,1,1,1,1,1,0,187,0
rosebankkillarneygazette.co.za,rosebankkillarneygazette.co.za,,Target,Web_Domain,1,0,1,1,0,1,0,0,0,0,187,0
rk70534,rk70534,,Source,Twitter,0,1,1,0,2,2,1,1,1,0,197,0
RMisstear,RMisstear,,Source,Twitter,0,1,1,0,2,2,1,1,1,0,108,0
RobertS94525971,RobertS94525971,,Source,Twitter,0,1,1,0,2,2,1,1,1,0,1,0
robinsonslater,robinsonslater,,Source,Twitter,0,1,1,0,2,2,1,1,1,0,150,0
robmonster,robmonster,,Source,Twitter,0,1,1,0,1,1,1,1,1,0,188,0
www.rt.com,www.rt.com,,Target,Web_Domain,1,0,1,1,0,1,0,0,0,0,188,0
RobTiffany,RobTiffany,,Source,Twitter,0,1,1,0,2,2,1,1,1,0,1,0
RoccoNY1,RoccoNY1,,Source,Twitter,0,1,1,0,1,1,1,1,1,0,1,0
roekshana0,roekshana0,,Source,Twitter,0,1,1,0,2,2,1,1,1,0,4,0
RogB17,RogB17,,Source,Twitter,0,1,1,0,2,2,1,1,1,0,1,0
RonaldTooTall,RonaldTooTall,,Source,Twitter,0,1,1,0,1,1,1,1,1,0,1,0
RosalindCPH,RosalindCPH,,Source,Twitter,0,1,1,0,1,1,1,1,1,0,1,0
RosemontGroup,RosemontGroup,,Source,Twitter,0,1,1,0,2,2,1,1,1,0,1,0
rossr122,rossr122,,Source,Twitter,0,1,1,0,1,1,1,1,1,0,1,0
Routes2R,Routes2R,,Source,Twitter,0,1,1,0,2,2,1,1,1,0,189,0
www.drawdown.org,www.drawdown.org,,Target,Web_Domain,1,0,1,2,0,2,0,0,0,0,189,0
rpbreakingnews,rpbreakingnews,,Source,Twitter,0,1,1,0,1,1,1,1,1,0,190,0
www.patrika.com,www.patrika.com,,Target,Web_Domain,1,0,1,1,0,1,0,0,0,0,190,0
rpujolvives,rpujolvives,,Source,Twitter,0,10,10,0,106,106,1,1,1,0,1,0
india.mongabay.com,india.mongabay.com,,Target,Web_Domain,1,0,1,5,0,5,0,0,0,0,1,0
m.hindustantimes.com,m.hindustantimes.com,,Target,Web_Domain,1,0,1,1,0,1,0,0,0,0,1,0
rpujolviven.blogspot.com.es,rpujolviven.blogspot.com.es,,Target,Web_Domain,1,0,1,2,0,2,0,0,0,0,1,0
rrhlry,rrhlry,,Source,Twitter,0,1,1,0,2,2,1,1,1,0,3,0
rrthakur,rrthakur,,Source,Twitter,0,1,1,0,2,2,1,1,1,0,191,0
www.rmnkids.com,www.rmnkids.com,,Target,Web_Domain,1,0,1,2,0,2,0,0,0,0,191,0
RSGroupAsia,RSGroupAsia,,Source,Twitter,0,1,1,0,1,1,1,1,1,0,1,0
rsqk9s,rsqk9s,,Source,Twitter,0,1,1,0,2,2,1,1,1,0,1,0
RStabb26,RStabb26,,Source,Twitter,0,1,1,0,2,2,1,1,1,0,120,0
run_renewables,run_renewables,,Source,Twitter,0,1,1,0,2,2,1,1,1,0,65,0
ruthschuster,ruthschuster,,Source,Twitter,0,1,1,0,2,2,1,1,1,0,1,0
RViselli,RViselli,,Source,Twitter,0,1,1,0,2,2,1,1,1,0,192,0
www.riccardoviselli.it,www.riccardoviselli.it,,Target,Web_Domain,1,0,1,2,0,2,0,0,0,0,192,0
saadeqakhan,saadeqakhan,,Source,Twitter,0,1,1,0,2,2,1,1,1,0,193,0
www.dawnnews.tv,www.dawnnews.tv,,Target,Web_Domain,1,0,1,2,0,2,0,0,0,0,193,0
salonprivemag,salonprivemag,,Source,Twitter,0,1,1,0,1,1,1,1,1,0,194,0
www.salonprivemag.com,www.salonprivemag.com,,Target,Web_Domain,1,0,1,1,0,1,0,0,0,0,194,0
sammoreton_,sammoreton_,,Source,Twitter,0,3,3,0,5,5,1,1,1,0,1,0
Sandton_News,Sandton_News,,Source,Twitter,0,1,1,0,1,1,1,1,1,0,195,0
sandtonchronicle.co.za,sandtonchronicle.co.za,,Target,Web_Domain,1,0,1,1,0,1,0,0,0,0,195,0
sara_almudhaf,sara_almudhaf,,Source,Twitter,0,1,1,0,1,1,1,1,1,0,196,0
edition-m.cnn.com,edition-m.cnn.com,,Target,Web_Domain,1,0,1,1,0,1,0,0,0,0,196,0
SchaedlerDavid,SchaedlerDavid,,Source,Twitter,0,1,1,0,2,2,1,1,1,0,197,0
schestowitz,schestowitz,,Source,Twitter,0,2,2,0,3,3,1,1,1,0,108,0
SchoolsImprove,SchoolsImprove,,Source,Twitter,0,1,1,0,4,4,1,1,1,0,198,0
schoolsimprovement.net,schoolsimprovement.net,,Target,Web_Domain,1,0,1,4,0,4,0,0,0,0,198,0
SciDevNetSEAP,SciDevNetSEAP,,Source,Twitter,0,1,1,0,2,2,1,1,1,0,199,0
www.scidev.net,www.scidev.net,,Target,Web_Domain,1,0,1,2,0,2,0,0,0,0,199,0
Seb_Aguanno,Seb_Aguanno,,Source,Twitter,0,1,1,0,1,1,1,1,1,0,94,0
SEBiology,SEBiology,,Source,Twitter,0,1,1,0,2,2,1,1,1,0,200,0
www.sebiology.org,www.sebiology.org,,Target,Web_Domain,1,0,1,2,0,2,0,0,0,0,200,0
SecretNews,SecretNews,,Source,Twitter,0,1,1,0,1,1,1,1,1,0,1,0
SecularStudents,SecularStudents,,Source,Twitter,0,1,1,0,2,2,1,1,1,0,1,0
SecurityEcho,SecurityEcho,,Source,Twitter,0,1,1,0,2,2,1,1,1,0,201,0
Seppo_Lipasti,Seppo_Lipasti,,Source,Twitter,0,1,1,0,1,1,1,1,1,0,120,0
Sev_Ren,Sev_Ren,,Source,Twitter,0,3,3,0,7,7,1,1,1,0,1,0
truepundit.com,truepundit.com,,Target,Web_Domain,1,0,1,1,0,1,0,0,0,0,1,0
www.naturalnews.com,www.naturalnews.com,,Target,Web_Domain,1,0,1,2,0,2,0,0,0,0,1,0
SF_Bud,SF_Bud,,Source,Twitter,0,1,1,0,1,1,1,1,1,0,1,0
sfenchong,sfenchong,,Source,Twitter,0,1,1,0,1,1,1,1,1,0,1,0
SgkPlanet,SgkPlanet,,Source,Twitter,0,1,1,0,3,3,1,1,1,0,202,0
sgerendask.com,sgerendask.com,,Target,Web_Domain,1,0,1,3,0,3,0,0,0,0,202,0
Sharpt_Wit,Sharpt_Wit,,Source,Twitter,0,1,1,0,2,2,1,1,1,0,1,0
shekhardubey_,shekhardubey_,,Source,Twitter,0,1,1,0,2,2,1,1,1,0,79,0
sheltongrp,sheltongrp,,Source,Twitter,0,1,1,0,1,1,1,1,1,0,1,0
ShesHellOnHeels,ShesHellOnHeels,,Source,Twitter,0,1,1,0,2,2,1,1,1,0,3,0
sifeij,sifeij,,Source,Twitter,0,2,2,0,2,2,1,1,1,0,120,0
21sci-tech.com,21sci-tech.com,,Target,Web_Domain,1,0,1,1,0,1,0,0,0,0,120,0
SilenceNotGold,SilenceNotGold,,Source,Twitter,0,1,1,0,1,1,1,1,1,0,203,0
thefreethoughtproject.com,thefreethoughtproject.com,,Target,Web_Domain,1,0,1,1,0,1,0,0,0,0,203,0
Silvia5320,Silvia5320,,Source,Twitter,0,1,1,0,2,2,1,1,1,0,204,0
www.climatescienceinternational.org,www.climatescienceinternational.org,,Target,Web_Domain,1,0,1,2,0,2,0,0,0,0,204,0
SilviaRimola,SilviaRimola,,Source,Twitter,0,1,1,0,2,2,1,1,1,0,1,0
Simla_28,Simla_28,,Source,Twitter,0,2,2,0,2,2,1,1,1,0,68,0
www.dropbox.com,www.dropbox.com,,Target,Web_Domain,1,0,1,1,0,1,0,0,0,0,68,0
SimonChinYee,SimonChinYee,,Source,Twitter,0,1,1,0,1,1,1,1,1,0,1,0
SimonFoxWriter,SimonFoxWriter,,Source,Twitter,0,1,1,0,2,2,1,1,1,0,205,0
www.amazon.com,www.amazon.com,,Target,Web_Domain,1,0,1,2,0,2,0,0,0,0,205,0
SisselWLarsen,SisselWLarsen,,Source,Twitter,0,1,1,0,1,1,1,1,1,0,1,0
SkymetWeather,SkymetWeather,,Source,Twitter,0,1,1,0,4,4,1,1,1,0,206,0
www.skymetweather.com,www.skymetweather.com,,Target,Web_Domain,1,0,1,4,0,4,0,0,0,0,206,0
SlicksTweetz01,SlicksTweetz01,,Source,Twitter,0,1,1,0,1,1,1,1,1,0,1,0
SLOTribune,SLOTribune,,Source,Twitter,0,1,1,0,2,2,1,1,1,0,207,0
www.sanluisobispo.com,www.sanluisobispo.com,,Target,Web_Domain,1,0,1,2,0,2,0,0,0,0,207,0
SmorgShowRNC,SmorgShowRNC,,Source,Twitter,0,1,1,0,1,1,1,1,1,0,13,0
SoCoBrands,SoCoBrands,,Source,Twitter,0,1,1,0,1,1,1,1,1,0,1,0
SoleilVertMusic,SoleilVertMusic,,Source,Twitter,0,1,1,0,1,1,1,1,1,0,1,0
SonnyinScotland,SonnyinScotland,,Source,Twitter,0,1,1,0,2,2,1,1,1,0,208,0
www.570news.com,www.570news.com,,Target,Web_Domain,1,0,1,2,0,2,0,0,0,0,208,0
sosaysgeorge,sosaysgeorge,,Source,Twitter,0,1,1,0,4,4,1,1,1,0,209,0
aboutclimatechange.com,aboutclimatechange.com,,Target,Web_Domain,1,0,1,4,0,4,0,0,0,0,209,0
SoundbiteCultur,SoundbiteCultur,,Source,Twitter,0,1,1,0,1,1,1,1,1,0,1,0
SouthStrandNews,SouthStrandNews,,Source,Twitter,0,1,1,0,2,2,1,1,1,0,210,0
www.southstrandnews.com,www.southstrandnews.com,,Target,Web_Domain,1,0,1,2,0,2,0,0,0,0,210,0
soylentbeige,soylentbeige,,Source,Twitter,0,1,1,0,1,1,1,1,1,0,1,0
SpecifierReview,SpecifierReview,,Source,Twitter,0,1,1,0,1,1,1,1,1,0,123,0
SpencerEden1,SpencerEden1,,Source,Twitter,0,1,1,0,1,1,1,1,1,0,122,0
springpowergas,springpowergas,,Source,Twitter,0,1,1,0,1,1,1,1,1,0,25,0
ssaurel,ssaurel,,Source,Twitter,0,1,1,0,2,2,1,1,1,0,211,0
www.quora.com,www.quora.com,,Target,Web_Domain,1,0,1,2,0,2,0,0,0,0,211,0
stadtsllc,stadtsllc,,Source,Twitter,0,1,1,0,1,1,1,1,1,0,1,0
StanEvolve,StanEvolve,,Source,Twitter,0,1,1,0,2,2,1,1,1,0,212,0
honest-ab.blogspot.com,honest-ab.blogspot.com,,Target,Web_Domain,1,0,1,2,0,2,0,0,0,0,212,0
stargrazzer,stargrazzer,,Source,Twitter,0,1,1,0,2,2,1,1,1,0,213,0
www.thenewamerican.com,www.thenewamerican.com,,Target,Web_Domain,1,0,1,2,0,2,0,0,0,0,213,0
stevenk11011,stevenk11011,,Source,Twitter,0,1,1,0,1,1,1,1,1,0,1,0
Stevewal63,Stevewal63,,Source,Twitter,0,1,1,0,2,2,1,1,1,0,1,0
storagenerd73,storagenerd73,,Source,Twitter,0,1,1,0,1,1,1,1,1,0,150,0
StraussMarine,StraussMarine,,Source,Twitter,0,1,1,0,1,1,1,1,1,0,1,0
Stryderpillows,Stryderpillows,,Source,Twitter,0,1,1,0,1,1,1,1,1,0,1,0
SueBarkoBlogz,SueBarkoBlogz,,Source,Twitter,0,1,1,0,2,2,1,1,1,0,135,0
SumanBh97835144,SumanBh97835144,,Source,Twitter,0,1,1,0,1,1,1,1,1,0,214,0
www.slideshare.net,www.slideshare.net,,Target,Web_Domain,1,0,1,1,0,1,0,0,0,0,214,0
SurvRenewEnergy,SurvRenewEnergy,,Source,Twitter,0,1,1,0,1,1,1,1,1,0,215,0
www.survivalrenewableenergy.com,www.survivalrenewableenergy.com,,Target,Web_Domain,1,0,1,1,0,1,0,0,0,0,215,0
Suryaprakash01K,Suryaprakash01K,,Source,Twitter,0,1,1,0,1,1,1,1,1,0,3,0
SusanHeaney,SusanHeaney,,Source,Twitter,0,1,1,0,1,1,1,1,1,0,142,0
susibillingsley,susibillingsley,,Source,Twitter,0,1,1,0,1,1,1,1,1,0,1,0
svklvo,svklvo,,Source,Twitter,0,1,1,0,1,1,1,1,1,0,1,0
SwarmKnowledge,SwarmKnowledge,,Source,Twitter,0,1,1,0,1,1,1,1,1,0,216,0
www.sciencealert.com,www.sciencealert.com,,Target,Web_Domain,1,0,1,1,0,1,0,0,0,0,216,0
SwatantraGyan,SwatantraGyan,,Source,Twitter,0,1,1,0,2,2,1,1,1,0,217,0
www.swatantragyan.com,www.swatantragyan.com,,Target,Web_Domain,1,0,1,2,0,2,0,0,0,0,217,0
T3Doc,T3Doc,,Source,Twitter,0,1,1,0,1,1,1,1,1,0,218,0
priceofoil.org,priceofoil.org,,Target,Web_Domain,1,0,1,1,0,1,0,0,0,0,218,0
tabithawhiting,tabithawhiting,,Source,Twitter,0,1,1,0,1,1,1,1,1,0,84,0
tafave,tafave,,Source,Twitter,0,1,1,0,4,4,1,1,1,0,219,0
tafave.com,tafave.com,,Target,Web_Domain,1,0,1,4,0,4,0,0,0,0,219,0
TaxiArchMichael,TaxiArchMichael,,Source,Twitter,0,1,1,0,1,1,1,1,1,0,1,0
tech2eets,tech2eets,,Source,Twitter,0,1,1,0,2,2,1,1,1,0,220,0
www.firstpost.com,www.firstpost.com,,Target,Web_Domain,1,0,1,2,0,2,0,0,0,0,220,0
terry_legg,terry_legg,,Source,Twitter,0,1,1,0,1,1,1,1,1,0,1,0
terry803,terry803,,Source,Twitter,0,1,1,0,1,1,1,1,1,0,1,0
Terrysagirl,Terrysagirl,,Source,Twitter,0,1,1,0,1,1,1,1,1,0,221,0
www.yaleclimateconnections.org,www.yaleclimateconnections.org,,Target,Web_Domain,1,0,1,1,0,1,0,0,0,0,221,0
Texastweetybird,Texastweetybird,,Source,Twitter,0,1,1,0,4,4,1,1,1,0,222,0
cnb.cx,cnb.cx,,Target,Web_Domain,1,0,1,4,0,4,0,0,0,0,222,0
TheHoff305,TheHoff305,,Source,Twitter,0,1,1,0,1,1,1,1,1,0,223,0
drudgetoday.com,drudgetoday.com,,Target,Web_Domain,1,0,1,1,0,1,0,0,0,0,223,0
TheOxygenProj,TheOxygenProj,,Source,Twitter,0,1,1,0,2,2,1,1,1,0,224,0
buff.ly,buff.ly,,Target,Web_Domain,1,0,1,2,0,2,0,0,0,0,224,0
ThePeoplesCube,ThePeoplesCube,,Source,Twitter,0,1,1,0,2,2,1,1,1,0,23,0
thePVJournal,thePVJournal,,Source,Twitter,0,2,2,0,3,3,1,1,1,0,1,0
TheQuadMag,TheQuadMag,,Source,Twitter,0,1,1,0,1,1,1,1,1,0,37,0
TheRealNews,TheRealNews,,Source,Twitter,0,1,1,0,2,2,1,1,1,0,225,0
therealnews.com,therealnews.com,,Target,Web_Domain,1,0,1,2,0,2,0,0,0,0,225,0
TheWeatherEgg,TheWeatherEgg,,Source,Twitter,0,1,1,0,2,2,1,1,1,0,136,0
thewrightrachel,thewrightrachel,,Source,Twitter,0,1,1,0,2,2,1,1,1,0,226,0
expressworldnews.com,expressworldnews.com,,Target,Web_Domain,1,0,1,2,0,2,0,0,0,0,226,0
ThoHeller,ThoHeller,,Source,Twitter,0,1,1,0,2,2,1,1,1,0,25,0
thomaseuler,thomaseuler,,Source,Twitter,0,1,1,0,1,1,1,1,1,0,1,0
thomasj17431826,thomasj17431826,,Source,Twitter,0,3,3,0,8,8,1,1,1,0,1,0
ThomasVitins,ThomasVitins,,Source,Twitter,0,1,1,0,1,1,1,1,1,0,1,0
tialeenelson,tialeenelson,,Source,Twitter,0,1,1,0,12,12,1,1,1,0,44,0
Timbo972,Timbo972,,Source,Twitter,0,1,1,0,1,1,1,1,1,0,1,0
timkerns88,timkerns88,,Source,Twitter,0,1,1,0,1,1,1,1,1,0,1,0
TimMelino,TimMelino,,Source,Twitter,0,1,1,0,12,12,1,1,1,0,227,0
gpwx.news,gpwx.news,,Target,Web_Domain,1,0,1,12,0,12,0,0,0,0,227,0
titowebjunkie,titowebjunkie,,Source,Twitter,0,1,1,0,1,1,1,1,1,0,1,0
Tittle_tattle1,Tittle_tattle1,,Source,Twitter,0,2,2,0,4,4,1,1,1,0,1,0
gab.ai,gab.ai,,Target,Web_Domain,1,0,1,2,0,2,0,0,0,0,1,0
TNCREVELATION,TNCREVELATION,,Source,Twitter,0,1,1,0,1,1,1,1,1,0,1,0
TodayNewsEvents,TodayNewsEvents,,Source,Twitter,0,1,1,0,1,1,1,1,1,0,228,0
www.shipldl.com,www.shipldl.com,,Target,Web_Domain,1,0,1,1,0,1,0,0,0,0,228,0
TodayorTamara,TodayorTamara,,Source,Twitter,0,1,1,0,1,1,1,1,1,0,1,0
tomh1000,tomh1000,,Source,Twitter,0,1,1,0,2,2,1,1,1,0,1,0
toptentopia,toptentopia,,Source,Twitter,0,1,1,0,1,1,1,1,1,0,229,0
www.zanyish.com,www.zanyish.com,,Target,Web_Domain,1,0,1,1,0,1,0,0,0,0,229,0
ToShedLight,ToShedLight,,Source,Twitter,0,1,1,0,1,1,1,1,1,0,1,0
transparencyone,transparencyone,,Source,Twitter,0,1,1,0,2,2,1,1,1,0,230,0
www.supplychaindive.com,www.supplychaindive.com,,Target,Web_Domain,1,0,1,2,0,2,0,0,0,0,230,0
TrendsFormative,TrendsFormative,,Source,Twitter,0,1,1,0,1,1,1,1,1,0,231,0
trendsformative.com,trendsformative.com,,Target,Web_Domain,1,0,1,1,0,1,0,0,0,0,231,0
TriathleteUSA,TriathleteUSA,,Source,Twitter,0,1,1,0,2,2,1,1,1,0,232,0
prepareforchange.net,prepareforchange.net,,Target,Web_Domain,1,0,1,2,0,2,0,0,0,0,232,0
trump_trainchoo,trump_trainchoo,,Source,Twitter,0,1,1,0,1,1,1,1,1,0,1,0
twinkiejoe,twinkiejoe,,Source,Twitter,0,2,2,0,3,3,1,1,1,0,233,0
news.valubit.org,news.valubit.org,,Target,Web_Domain,1,0,1,2,0,2,0,0,0,0,233,0
quillette.com,quillette.com,,Target,Web_Domain,1,0,1,1,0,1,0,0,0,0,233,0
twitmiser,twitmiser,,Source,Twitter,0,1,1,0,1,1,1,1,1,0,1,0
TXGreenBuilding,TXGreenBuilding,,Source,Twitter,0,1,1,0,2,2,1,1,1,0,39,0
unbnewsroom,unbnewsroom,,Source,Twitter,0,1,1,0,1,1,1,1,1,0,234,0
unb.com.bd,unb.com.bd,,Target,Web_Domain,1,0,1,1,0,1,0,0,0,0,234,0
UnboxedHomes,UnboxedHomes,,Source,Twitter,0,1,1,0,1,1,1,1,1,0,235,0
www.architectsjournal.co.uk,www.architectsjournal.co.uk,,Target,Web_Domain,1,0,1,1,0,1,0,0,0,0,235,0
UndercoverInAK,UndercoverInAK,,Source,Twitter,0,1,1,0,2,2,1,1,1,0,1,0
usatodayweather,usatodayweather,,Source,Twitter,0,1,1,0,4,4,1,1,1,0,1,0
USC_Research,USC_Research,,Source,Twitter,0,1,1,0,2,2,1,1,1,0,1,0
USCGPGlobal,USCGPGlobal,,Source,Twitter,0,1,1,0,1,1,1,1,1,0,47,0
USWeatherExpert,USWeatherExpert,,Source,Twitter,0,1,1,0,1,1,1,1,1,0,236,0
www.mikesmithenterprisesblog.com,www.mikesmithenterprisesblog.com,,Target,Web_Domain,1,0,1,1,0,1,0,0,0,0,236,0
VABVOX,VABVOX,,Source,Twitter,0,1,1,0,1,1,1,1,1,0,1,0
Vastuullisuus,Vastuullisuus,,Source,Twitter,0,1,1,0,1,1,1,1,1,0,1,0
vcue,vcue,,Source,Twitter,0,1,1,0,1,1,1,1,1,0,1,0
VisionChandra,VisionChandra,,Source,Twitter,0,1,1,0,1,1,1,1,1,0,3,0
vmpcott,vmpcott,,Source,Twitter,0,1,1,0,2,2,1,1,1,0,1,0
vubblePOP,vubblePOP,,Source,Twitter,0,1,1,0,2,2,1,1,1,0,237,0
www.vubblepop.com,www.vubblepop.com,,Target,Web_Domain,1,0,1,2,0,2,0,0,0,0,237,0
WakingLifeDream,WakingLifeDream,,Source,Twitter,0,1,1,0,1,1,1,1,1,0,1,0
warhoonwinter,warhoonwinter,,Source,Twitter,0,1,1,0,1,1,1,1,1,0,238,0
fee.org,fee.org,,Target,Web_Domain,1,0,1,1,0,1,0,0,0,0,238,0
WaterAgg,WaterAgg,,Source,Twitter,0,1,1,0,1,1,1,1,1,0,1,0
WavesNoemie,WavesNoemie,,Source,Twitter,0,1,1,0,1,1,1,1,1,0,2,0
welfordwrites,welfordwrites,,Source,Twitter,0,1,1,0,4,4,1,1,1,0,239,0
ourfutureenvironment.blogspot.com,ourfutureenvironment.blogspot.com,,Target,Web_Domain,1,0,1,4,0,4,0,0,0,0,239,0
WesthoffTimothy,WesthoffTimothy,,Source,Twitter,0,1,1,0,1,1,1,1,1,0,91,0
WhatWeValue,WhatWeValue,,Source,Twitter,0,1,1,0,1,1,1,1,1,0,1,0
where_next_kate,where_next_kate,,Source,Twitter,0,1,1,0,1,1,1,1,1,0,1,0
WhittyMike,WhittyMike,,Source,Twitter,0,2,2,0,3,3,1,1,1,0,1,0
www.powerlineblog.com,www.powerlineblog.com,,Target,Web_Domain,1,0,1,2,0,2,0,0,0,0,1,0
whymandesign,whymandesign,,Source,Twitter,0,2,2,0,3,3,1,1,1,0,1,0
WildOnesNatives,WildOnesNatives,,Source,Twitter,0,1,1,0,2,2,1,1,1,0,240,0
www.accentnatural.com,www.accentnatural.com,,Target,Web_Domain,1,0,1,2,0,2,0,0,0,0,240,0
WilsonSchool,WilsonSchool,,Source,Twitter,0,1,1,0,2,2,1,1,1,0,41,0
wimdubbel,wimdubbel,,Source,Twitter,0,1,1,0,1,1,1,1,1,0,1,0
wimvancotthem,wimvancotthem,,Source,Twitter,0,1,1,0,4,4,1,1,1,0,1,0
windlord03,windlord03,,Source,Twitter,0,1,1,0,1,1,1,1,1,0,241,0
qz.com,qz.com,,Target,Web_Domain,1,0,1,1,0,1,0,0,0,0,241,0
WineNewsIt,WineNewsIt,,Source,Twitter,0,1,1,0,3,3,1,1,1,0,242,0
winenews.it,winenews.it,,Target,Web_Domain,1,0,1,3,0,3,0,0,0,0,242,0
Wise_Travellers,Wise_Travellers,,Source,Twitter,0,1,1,0,2,2,1,1,1,0,1,0
wohnblogAt,wohnblogAt,,Source,Twitter,0,1,1,0,1,1,1,1,1,0,79,0
WojciechKosc,WojciechKosc,,Source,Twitter,0,1,1,0,2,2,1,1,1,0,13,0
woofboy,woofboy,,Source,Twitter,0,1,1,0,1,1,1,1,1,0,243,0
www.skepticalscience.com,www.skepticalscience.com,,Target,Web_Domain,1,0,1,1,0,1,0,0,0,0,243,0
wordsandunwords,wordsandunwords,,Source,Twitter,0,1,1,0,1,1,1,1,1,0,55,0
WordsBucket,WordsBucket,,Source,Twitter,0,1,1,0,1,1,1,1,1,0,244,0
www.politico.eu,www.politico.eu,,Target,Web_Domain,1,0,1,1,0,1,0,0,0,0,244,0
WRIClimate,WRIClimate,,Source,Twitter,0,1,1,0,1,1,1,1,1,0,84,0
WWF,WWF,,Source,Twitter,0,1,1,0,2,2,1,1,1,0,79,0
WWFCities,WWFCities,,Source,Twitter,0,1,1,0,2,2,1,1,1,0,79,0
WWFEU,WWFEU,,Source,Twitter,0,1,1,0,2,2,1,1,1,0,79,0
WWFMy,WWFMy,,Source,Twitter,0,1,1,0,1,1,1,1,1,0,79,0
WWFTANZANIA,WWFTANZANIA,,Source,Twitter,0,1,1,0,2,2,1,1,1,0,79,0
wxmath,wxmath,,Source,Twitter,0,1,1,0,1,1,1,1,1,0,1,0
xsited,xsited,,Source,Twitter,0,1,1,0,2,2,1,1,1,0,1,0
yago1,yago1,,Source,Twitter,0,1,1,0,1,1,1,1,1,0,245,0
link.medium.com,link.medium.com,,Target,Web_Domain,1,0,1,1,0,1,0,0,0,0,245,0
YtzPaul2U,YtzPaul2U,,Source,Twitter,0,1,1,0,1,1,1,1,1,0,1,0
yvedas,yvedas,,Source,Twitter,0,1,1,0,2,2,1,1,1,0,246,0
www.christopherfountain.com,www.christopherfountain.com,,Target,Web_Domain,1,0,1,2,0,2,0,0,0,0,246,0
Zacksaxe,Zacksaxe,,Source,Twitter,0,4,4,0,4,4,1,1,1,0,1,0
tulsabeacon.com,tulsabeacon.com,,Target,Web_Domain,1,0,1,1,0,1,0,0,0,0,1,0
www.azfamily.com,www.azfamily.com,,Target,Web_Domain,1,0,1,1,0,1,0,0,0,0,1,0
Zealandian,Zealandian,,Source,Twitter,0,1,1,0,1,1,1,1,1,0,1,0
ZellartCo,ZellartCo,,Source,Twitter,0,1,1,0,1,1,1,1,1,0,153,0
